# X , Y , E
0
-16.0303,0.0123311,0.00561982
-15.8286,0.0126579,0.00462771
-15.627,0.013436,0.0049057
-15.4254,0.0141989,0.00484573
-15.2237,0.0158056,0.00487544
-15.0221,0.0175877,0.00484777
-14.8204,0.0167894,0.00492182
-14.6188,0.0137349,0.00507323
-14.4172,0.0168564,0.00500476
-14.2155,0.0173826,0.00500993
-14.0139,0.0154304,0.00519461
-13.8122,0.00875163,0.00534263
-13.6106,0.0123427,0.00540463
-13.409,0.0183192,0.00510065
-13.2073,0.0258741,0.0050442
-13.0057,0.0270234,0.00490427
-12.8041,0.0341668,0.00491217
-12.6024,0.029474,0.00523261
-12.4008,0.0316552,0.00527999
-12.1991,0.0275982,0.00571687
-11.9975,0.0342335,0.0057725
-11.7959,0.0478948,0.00597745
-11.5942,0.0681522,0.00593603
-11.3926,0.0867588,0.00611228
-11.1909,0.0953001,0.00639279
-10.9893,0.102909,0.00659255
-10.7877,0.113408,0.00685705
-10.586,0.116909,0.00735177
-10.3844,0.120897,0.00776445
-10.1828,0.118499,0.00799706
-9.98111,0.120167,0.00791561
-9.77947,0.114071,0.00779075
-9.57783,0.104959,0.00779723
-9.3762,0.107525,0.00760079
-9.17456,0.102574,0.00776858
-8.97292,0.107466,0.00761601
-8.77128,0.108766,0.00770232
-8.56964,0.12483,0.00755683
-8.368,0.156447,0.00731411
-8.16636,0.166851,0.0076154
-7.96473,0.189009,0.00766979
-7.76309,0.19154,0.00820317
-7.56145,0.222245,0.00801392
-7.35981,0.226477,0.00847179
-7.15817,0.23676,0.00867147
-6.95653,0.237202,0.00918412
-6.75489,0.262823,0.00921007
-6.55326,0.278074,0.00946213
-6.35162,0.294161,0.00978565
-6.14998,0.310815,0.0103035
-5.94834,0.362606,0.010549
-5.7467,0.411005,0.0111681
-5.54506,0.458561,0.0117722
-5.34342,0.507706,0.0126343
-5.14178,0.582215,0.0132417
-4.94015,0.676091,0.0140074
-4.73851,0.783786,0.0148607
-4.53687,0.89543,0.0159763
-4.33523,1.02573,0.0171086
-4.13359,1.17545,0.0184509
-3.93195,1.33616,0.020087
-3.73031,1.53528,0.0222554
-3.52868,1.76248,0.0251659
-3.32704,2.05421,0.029023
-3.1254,2.30342,0.0344191
-2.92376,2.6584,0.040478
-2.72212,3.25036,0.047151
-2.52048,4.6243,0.0537648
-2.31884,7.35648,0.0609734
-2.11721,12.8743,0.0692073
-1.91557,23.2401,0.0795116
-1.71393,41.4203,0.0927158
-1.51229,69.4453,0.109745
-1.31065,107.873,0.130293
-1.10901,155.091,0.153431
-0.907374,207.689,0.177986
-0.705735,261.942,0.2026
-0.504097,315.864,0.226047
-0.302458,368.192,0.247028
-0.100819,410.632,0.262815
0.100819,424.819,0.269744
0.302458,392.134,0.263884
0.504097,312.511,0.243648
0.705735,209.454,0.211851
0.907374,116.414,0.174192
1.10901,53.6216,0.139084
1.31065,21.9371,0.112231
1.51229,9.51572,0.0971005
1.71393,5.72959,0.0913871
1.91557,4.42156,0.0918472
2.11721,3.88868,0.0939971
2.31884,3.33455,0.0967311
2.52048,3.04202,0.0981086
2.72212,2.79357,0.0979894
2.92376,2.57608,0.0959775
3.1254,2.38638,0.0919431
3.32704,2.14447,0.0862727
3.52868,1.94762,0.0790391
3.73031,1.7094,0.0708827
3.93195,1.51354,0.0625072
4.13359,1.33619,0.0542932
4.33523,1.19878,0.0470807
4.53687,0.991897,0.0411156
4.73851,0.924048,0.036258
4.94015,0.800648,0.0331152
5.14178,0.701517,0.031268
5.34342,0.583373,0.0304923
5.54506,0.502572,0.0300749
5.7467,0.465023,0.0297376
5.94834,0.446348,0.0295614
6.14998,0.423894,0.0292507
6.35162,0.393002,0.0291994
6.55326,0.354626,0.029151
6.75489,0.309848,0.0292625
6.95653,0.275329,0.0292105
7.15817,0.232394,0.029059
7.35981,0.241327,0.0286642
7.56145,0.266087,0.0280153
7.76309,0.293487,0.0272812
7.96473,0.257558,0.0268016
8.16636,0.249424,0.0261373
8.368,0.256485,0.0253529
8.56964,0.260523,0.0245752
8.77128,0.240973,0.0239894
8.97292,0.206619,0.0234596
9.17456,0.216248,0.0226912
9.3762,0.229078,0.0218423
9.57783,0.211103,0.0213974
9.77947,0.208503,0.0207218
9.98111,0.185345,0.02036
10.1828,0.207827,0.0195684
10.3844,0.197093,0.0191186
10.586,0.199924,0.018609
10.7877,0.191336,0.0181513
10.9893,0.175249,0.0178631
11.1909,0.175607,0.017352
11.3926,0.177082,0.0170898
11.5942,0.180737,0.0166849
11.7959,0.16477,0.0164664
11.9975,0.170728,0.0158309
12.1991,0.17936,0.0152563
12.4008,0.194559,0.0145903
12.6024,0.1975,0.0142517
12.8041,0.182667,0.0140335
13.0057,0.19212,0.0135172
13.2073,0.187358,0.013035
13.409,0.191111,0.0126278
13.6106,0.18594,0.0124365
13.8122,0.188783,0.0122517
14.0139,0.20349,0.0118901
14.2155,0.196281,0.0117139
14.4172,0.201605,0.0113654
14.6188,0.196995,0.01114
14.8204,0.202282,0.010966
15.0221,0.199358,0.0107246
15.2237,0.202833,0.0105299
15.4254,0.196963,0.0103544
15.627,0.19551,0.0103567
15.8286,0.189654,0.0104467
16.0303,0.199434,0.0103107
16.2319,0.194028,0.0104106
16.4335,0.191409,0.0102354
16.6352,0.189918,0.0103111
16.8368,0.194676,0.0102037
17.0385,0.20822,0.010152
17.2401,0.220922,0.0100566
17.4417,0.218962,0.0102215
17.6434,0.207528,0.0104594
17.845,0.192564,0.0106801
18.0467,0.188409,0.0108247
18.2483,0.181014,0.0109774
18.4499,0.186752,0.0109901
18.6516,0.200435,0.0107874
18.8532,0.222793,0.0106636
19.0548,0.229295,0.0107289
19.2565,0.236693,0.0108199
19.4581,0.223203,0.0110957
19.6598,0.214223,0.011335
19.8614,0.205591,0.0116252
20.063,0.229061,0.0115449
20.2647,0.227812,0.0118173
20.4663,0.205846,0.0124003
20.668,0.192373,0.0127239
20.8696,0.207607,0.0127196
21.0712,0.235812,0.0124564
21.2729,0.248478,0.0123903
21.4745,0.240397,0.0125981
21.6762,0.231351,0.012864
21.8778,0.23174,0.0129865
22.0794,0.226972,0.0130221
22.2811,0.231941,0.0129015
22.4827,0.236036,0.0128989
22.6843,0.246401,0.0128422
22.886,0.241456,0.0129371
23.0876,0.23816,0.0129957
23.2893,0.232654,0.0130391
23.4909,0.255612,0.0126526
23.6925,0.258655,0.0125872
23.8942,0.271579,0.0122624
24.0958,0.260134,0.0122663
24.2975,0.267565,0.011809
24.4991,0.27155,0.0115409
24.7007,0.280437,0.0112209
24.9024,0.278044,0.0109361
25.104,0.271052,0.0109263
25.3056,0.281071,0.0105463
25.5073,0.274357,0.0106158
25.7089,0.273455,0.01032
25.9106,0.271264,0.010268
26.1122,0.276755,0.0100126
26.3138,0.287546,0.00972068
26.5155,0.281088,0.00980343
26.7171,0.280534,0.00994122
26.9188,0.279748,0.0101253
27.1204,0.292441,0.0099627
27.322,0.28981,0.0100679
27.5237,0.29153,0.0100916
27.7253,0.283912,0.0104192
27.9269,0.289856,0.0105224
28.1286,0.289079,0.0108464
28.3302,0.285831,0.0109714
28.5319,0.282599,0.0110711
28.7335,0.292239,0.0110402
28.9351,0.30658,0.0112073
29.1368,0.325094,0.0113022
29.3384,0.317779,0.0117017
29.5401,0.308966,0.0121107
29.7417,0.312147,0.0124788
29.9433,0.323606,0.0127901
30.145,0.353658,0.0129448
30.3466,0.352497,0.0133709
30.5483,0.364492,0.013581
30.7499,0.349239,0.0140698
30.9515,0.352198,0.0144332
31.1532,0.35285,0.0147615
31.3548,0.344857,0.0151371
31.5564,0.360918,0.0151171
31.7581,0.35794,0.0155374
31.9597,0.370448,0.0157091
32.1614,0.372376,0.0159484
32.363,0.379263,0.0160907
32.5646,0.402472,0.0160505
32.7663,0.39467,0.0163152
32.9679,0.394232,0.0162364
33.1696,0.375432,0.0163252
33.3712,0.379183,0.0161965
33.5728,0.384602,0.016123
33.7745,0.394253,0.0159355
33.9761,0.38453,0.015926
34.1777,0.375082,0.015833
34.3794,0.376026,0.015577
34.581,0.407533,0.0149307
34.7827,0.436331,0.0143759
34.9843,0.451567,0.0139162
35.1859,0.449053,0.013709
35.3876,0.45321,0.0132096
35.5892,0.448863,0.0128789
35.7909,0.459147,0.0123703
35.9925,0.453465,0.0122622
36.1941,0.463454,0.0120055
36.3958,0.45477,0.0120599
36.5974,0.461349,0.011788
36.799,0.451536,0.0117035
37.0007,0.479381,0.0109843
37.2023,0.491766,0.0107415
37.404,0.516675,0.0104662
37.6056,0.524268,0.0105317
37.8072,0.529745,0.0105138
38.0089,0.531016,0.010453
38.2105,0.523527,0.0104964
38.4122,0.525846,0.0106084
38.6138,0.540682,0.0104506
38.8154,0.549443,0.0104362
39.0171,0.560535,0.0103211
39.2187,0.568756,0.0102687
39.4203,0.585951,0.0103948
39.622,0.595089,0.0102934
39.8236,0.615367,0.0102963
40.0253,0.60597,0.0101648
40.2269,0.622907,0.0106258
40.4084,0.625902,0.0111028
40.57,0.657249,0.0114437
40.7323,0.653963,0.0113054
40.8952,0.666609,0.0111963
41.0588,0.652325,0.0113612
41.223,0.650495,0.0115955
41.3879,0.654224,0.0113452
41.5535,0.665203,0.0112033
41.7197,0.689444,0.0108191
41.8866,0.66912,0.0113676
42.0541,0.648408,0.0115758
42.2223,0.626889,0.0118227
42.3912,0.628105,0.011622
42.5608,0.642136,0.0112394
42.731,0.644478,0.0111902
42.902,0.64942,0.0111459
43.0736,0.652898,0.011336
43.2459,0.655381,0.0112041
43.4188,0.651289,0.0111527
43.5925,0.649458,0.011235
43.7669,0.645991,0.0113869
43.942,0.643044,0.0111717
44.1177,0.636892,0.0111295
44.2942,0.632561,0.0109192
44.4714,0.634727,0.0110104
44.6493,0.624264,0.0108784
44.8279,0.617053,0.0108775
45.0072,0.604474,0.010854
45.1872,0.591438,0.0108751
45.3679,0.58838,0.0107063
45.5494,0.573799,0.0108176
45.7316,0.575059,0.010538
45.9145,0.560531,0.0105677
46.0982,0.558456,0.0102217
46.2826,0.539664,0.01027
46.4677,0.52145,0.0102596
46.6536,0.500185,0.0102263
46.8402,0.48689,0.0101923
47.0276,0.478171,0.0101717
47.2157,0.469607,0.0101803
47.4045,0.446963,0.0102646
47.5942,0.426044,0.0103211
47.7845,0.399661,0.0105526
47.9757,0.40976,0.010225
48.1676,0.405134,0.0101206
48.3602,0.412025,0.0099036
48.5537,0.40186,0.00993411
48.7479,0.402684,0.00983336
48.9429,0.397409,0.00977499
49.1387,0.377176,0.0101116
49.3352,0.37374,0.0102897
49.5326,0.368383,0.0104556
49.7307,0.368848,0.0104814
49.9296,0.364354,0.0104856
50.1293,0.366621,0.0105685
50.3298,0.376709,0.0106177
50.5312,0.386378,0.0105792
50.7333,0.384343,0.0107225
50.9362,0.381267,0.0108093
51.14,0.373515,0.0112037
51.3445,0.367314,0.0114573
51.5499,0.38058,0.0115019
51.7561,0.391049,0.0114207
51.9631,0.411212,0.011317
52.171,0.399838,0.0116618
52.3797,0.38977,0.011973
52.5892,0.381497,0.0121181
52.7995,0.379204,0.0121962
53.0107,0.379124,0.0121449
53.2228,0.371107,0.0123649
53.4357,0.376379,0.0123729
53.6494,0.376572,0.0124234
53.864,0.378757,0.012277
54.0795,0.358397,0.0123321
54.2958,0.354024,0.0123095
54.513,0.349896,0.01226
54.731,0.361064,0.0121265
54.95,0.378088,0.0119018
55.1698,0.380339,0.0117272
55.3904,0.385721,0.0113661
55.612,0.365464,0.0112762
55.8344,0.376367,0.0109611
56.0578,0.37444,0.0108877
56.282,0.381776,0.010671
56.5071,0.366461,0.0106978
56.7332,0.370458,0.0103329
56.9601,0.362972,0.010111
57.1879,0.371233,0.00970311
57.4167,0.37102,0.0095294
57.6464,0.370319,0.00941356
57.8769,0.370371,0.00931955
58.1085,0.363493,0.00939392
58.3409,0.381648,0.00900645
58.5742,0.37749,0.00899755
58.8085,0.375439,0.00880905
59.0438,0.349891,0.00899832
59.28,0.342112,0.00884699
59.5171,0.335712,0.00880913
59.7551,0.344067,0.00857116
59.9942,0.344374,0.00849546
60.2341,0.351097,0.00823665
60.4751,0.344841,0.00821755
60.717,0.338618,0.00831607
60.9598,0.335418,0.00837961
61.2037,0.338188,0.0083271
61.4485,0.341575,0.00817338
61.6943,0.345799,0.00819106
61.9411,0.351185,0.00813856
62.1888,0.353703,0.00806588
62.4376,0.357966,0.00785713
62.6873,0.362694,0.00788204
62.9381,0.373118,0.00775204
63.1898,0.360372,0.00795308
63.4426,0.353408,0.00792743
63.6964,0.35286,0.00793972
63.9512,0.373118,0.00770791
64.207,0.381021,0.00768792
64.4638,0.378179,0.00785521
64.7216,0.37042,0.00794469
64.9805,0.377879,0.00783255
65.2405,0.378752,0.00778335
65.5014,0.384363,0.00773208
65.7634,0.375888,0.0079099
66.0265,0.380341,0.00776375
66.2906,0.387197,0.00768725
66.5557,0.397169,0.00750478
66.822,0.392543,0.00766353
67.0893,0.382817,0.00789401
67.3576,0.380314,0.00791255
67.627,0.389333,0.00778736
67.8975,0.38505,0.00764899
68.1691,0.378543,0.00763866
68.4418,0.367943,0.007624
68.7156,0.37876,0.00739661
68.9904,0.381607,0.00736494
69.2664,0.382303,0.00735677
69.5435,0.377845,0.00737841
69.8216,0.365697,0.00748191
70.1009,0.360973,0.00746844
70.3813,0.35506,0.00743225
70.6629,0.35268,0.00736602
70.9455,0.344473,0.00740993
71.2293,0.337831,0.0074895
71.5142,0.341773,0.00746724
71.8003,0.347929,0.00744128
72.0875,0.350866,0.00741379
72.3758,0.343509,0.00737653
72.6653,0.347763,0.00710003
72.956,0.339437,0.00709384
73.2478,0.336154,0.00712256
73.5408,0.329025,0.00729051
73.835,0.336167,0.00726108
74.1303,0.335932,0.00738807
74.4268,0.337027,0.00736548
74.7245,0.336692,0.00736845
75.0234,0.343538,0.00715208
75.3235,0.344148,0.0072408
75.6248,0.331575,0.0074626
75.9273,0.326485,0.00771818
76.231,0.320255,0.00785437
76.5359,0.326224,0.00791989
76.8421,0.337828,0.00783155
77.1495,0.34809,0.0077908
77.4581,0.364197,0.00756794
77.7679,0.363884,0.0075519
78.079,0.360248,0.00751293
78.3913,0.358377,0.00755273
78.7048,0.3573,0.0074962
79.0197,0.37527,0.00739329
79.3357,0.369552,0.00748017
79.6531,0.375124,0.00751274
79.9717,0.364877,0.00764633
80.2916,0.37528,0.00746014
80.6128,0.375108,0.00740704
80.9352,0.377979,0.00726006
81.2589,0.376209,0.00729828
81.584,0.379191,0.00725997
81.9103,0.391228,0.00724026
82.238,0.389824,0.00725552
82.5669,0.393032,0.00719803
82.8972,0.388762,0.00712749
83.2288,0.401683,0.00699876
83.5617,0.405819,0.00705541
83.8959,0.404605,0.00705972
84.2315,0.397139,0.00720149
84.5684,0.396406,0.00714414
84.9067,0.38977,0.00725579
85.2463,0.386866,0.00721774
85.5873,0.38201,0.00726319
85.9297,0.381338,0.00717824
86.2734,0.377403,0.00710681
86.6185,0.380566,0.00697972
86.965,0.378775,0.00695423
87.3128,0.385135,0.00697613
87.6621,0.380341,0.00704277
88.0127,0.380195,0.00716276
88.3648,0.379075,0.00716443
88.7182,0.385027,0.00709251
89.0731,0.393253,0.00699184
89.4294,0.392837,0.00702469
89.7871,0.391203,0.00716723
90.1463,0.400351,0.00712826
90.5068,0.412008,0.00705408
90.8689,0.415446,0.00697806
91.2323,0.407091,0.00714817
91.5973,0.397041,0.00730432
91.9637,0.395544,0.00742642
92.3315,0.399592,0.00737264
92.7008,0.40834,0.00732204
93.0716,0.410643,0.00726765
93.4439,0.407954,0.00728341
93.8177,0.402159,0.00724093
94.193,0.394254,0.00731572
94.5698,0.388805,0.00732913
94.948,0.379085,0.00731025
95.3278,0.370758,0.00729646
95.7091,0.366025,0.00722961
96.092,0.364431,0.00726791
96.4763,0.366546,0.00712643
96.8622,0.364035,0.00723165
97.2497,0.364507,0.00717808
97.6387,0.366847,0.00711896
98.0292,0.363263,0.00696594
98.4214,0.361637,0.00680799
98.8151,0.35093,0.00687659
99.2103,0.344143,0.00679107
99.6072,0.33379,0.0068754
100.006,0.325899,0.00687993
100.406,0.320882,0.00684196
100.807,0.313959,0.00669474
101.21,0.313159,0.00647914
101.615,0.311821,0.00648199
102.022,0.306617,0.00652584
102.43,0.297131,0.00663395
102.84,0.293461,0.00665797
103.251,0.287964,0.00664517
103.664,0.29216,0.00659989
104.079,0.295387,0.00645027
104.495,0.306206,0.00635348
104.913,0.310073,0.00614176
105.333,0.315249,0.00614638
105.754,0.308876,0.0063421
106.177,0.308859,0.00644556
106.602,0.311493,0.00646753
107.028,0.325526,0.00632062
107.456,0.331186,0.00636442
107.886,0.33482,0.00641572
108.317,0.341029,0.0064937
108.751,0.346287,0.00657696
109.186,0.36168,0.00656502
109.622,0.366533,0.00657186
110.061,0.375039,0.00657765
110.501,0.36918,0.00669768
110.943,0.377174,0.00662704
111.387,0.379545,0.00664987
111.833,0.379782,0.00665396
112.28,0.382739,0.00676099
112.729,0.380029,0.00675868
113.18,0.3749,0.0067004
113.633,0.357512,0.0066468
114.087,0.343655,0.00662675
114.544,0.329037,0.00655202
115.002,0.317076,0.00654246
115.462,0.304763,0.0065753
115.924,0.302114,0.00661469
116.387,0.297965,0.00660354
116.853,0.301805,0.00649452
117.32,0.297195,0.00647203
117.789,0.286881,0.00666023
118.261,0.277734,0.00673995
118.734,0.266901,0.00678777
119.209,0.265786,0.00664956
119.685,0.252543,0.00662175
120.164,0.235715,0.00672924
120.645,0.213337,0.00668312
121.127,0.193328,0.00663745
121.612,0.171184,0.00651081
122.098,0.144836,0.00653409
122.587,0.127517,0.00644799
123.077,0.115901,0.0063851
123.569,0.104727,0.00637738
124.064,0.0901253,0.00648328
124.56,0.0780166,0.00657173
125.058,0.0737451,0.00662925
125.558,0.0696485,0.00665744
126.061,0.0804588,0.00651037
126.565,0.0840983,0.00647447
127.071,0.0925404,0.00644751
127.579,0.093626,0.00650644
128.09,0.110737,0.00649376
128.602,0.127196,0.00653709
129.117,0.146982,0.00657113
129.633,0.15901,0.00665831
130.152,0.172117,0.0066347
130.672,0.177821,0.00673645
131.195,0.186735,0.00665598
131.72,0.189812,0.00677271
132.246,0.189348,0.00683486
132.775,0.190638,0.00691796
133.307,0.196857,0.00692169
133.84,0.206505,0.00684002
134.375,0.197474,0.00696134
134.913,0.198084,0.00695372
135.452,0.19808,0.0069979
135.994,0.206267,0.00693422
136.538,0.203028,0.00695585
137.084,0.200255,0.00701368
137.633,0.207365,0.00697025
138.183,0.212695,0.00697834
138.736,0.220221,0.00696736
139.291,0.221059,0.00702754
139.848,0.224777,0.00711542
140.407,0.215761,0.00725729
140.969,0.217647,0.00732567
141.533,0.208792,0.00743158
142.099,0.209497,0.0075863
142.667,0.205106,0.00775641
143.238,0.212537,0.00784993
143.811,0.219784,0.00794921
144.386,0.235306,0.00800922
144.964,0.260812,0.00809177
145.544,0.301315,0.00803881
146.126,0.337537,0.00817
146.71,0.37522,0.00815333
147.297,0.399166,0.00838505
147.886,0.412294,0.00857517
148.478,0.417801,0.00875284
149.072,0.418668,0.00878882
149.668,0.427821,0.00854299
150.267,0.410437,0.00857909
150.868,0.375809,0.00859959
151.471,0.357308,0.00882264
152.077,0.378371,0.0087965
152.685,0.42296,0.00879889
153.296,0.471207,0.00883106
153.909,0.526232,0.00899329
154.525,0.609456,0.00912544
155.143,0.694206,0.00921822
155.764,0.765631,0.0093302
156.387,0.820803,0.00938456
157.012,0.852774,0.00956659
157.64,0.876738,0.00963386
158.271,0.885122,0.00969176
158.904,0.873645,0.00973491
159.54,0.852039,0.00986163
160.178,0.839835,0.00997867
160.819,0.834901,0.0100239
161.462,0.844064,0.00995814
162.108,0.841104,0.00987047
162.756,0.827081,0.00984919
163.407,0.799856,0.00985933
164.061,0.766413,0.00994914
164.717,0.754245,0.00982862
165.376,0.74001,0.00973759
166.037,0.738707,0.00966961
166.701,0.7484,0.0096908
167.368,0.775677,0.00973496
168.038,0.802761,0.00971471
168.71,0.821827,0.00969081
169.385,0.82327,0.00972111
170.062,0.813538,0.009769
170.743,0.793658,0.00983511
171.426,0.774765,0.00984399
172.111,0.773073,0.00969469
172.8,0.760727,0.00964797
173.491,0.750261,0.00952473
174.185,0.702885,0.00969983
174.882,0.659394,0.00959043
175.581,0.591187,0.00951076
176.283,0.508572,0.00920777
176.989,0.39729,0.00911201
177.697,0.280333,0.00903252
178.407,0.19895,0.00885317
179.121,0.152061,0.00864497
179.837,0.131433,0.008445
180.557,0.112853,0.00841337
181.279,0.0948987,0.00839846
182.004,0.0736424,0.00851739
182.732,0.0671897,0.0085423
183.463,0.0656791,0.00852673
184.197,0.0717445,0.00843352
184.934,0.0724143,0.0083983
185.673,0.0632791,0.0084506
186.416,0.0596887,0.00842957
187.162,0.051804,0.00838751
187.91,0.0468502,0.00835732
188.662,0.0449328,0.00830705
189.417,0.047559,0.00825823
190.174,0.0562707,0.00819834
190.935,0.0482183,0.00828512
191.699,0.0401281,0.00838259
192.466,0.0414752,0.00839238
193.235,0.0491547,0.00830227
194.008,0.053265,0.00822689
194.784,0.0478281,0.00825679
195.564,0.042791,0.00832967
196.346,0.0370723,0.00843592
197.131,0.0370799,0.00842425
197.92,0.0353555,0.00844826
198.711,0.0306046,0.00846108
199.506,0.0403662,0.00830786
200.304,0.0511918,0.00813163
201.106,0.0593563,0.00804811
201.91,0.0545697,0.00809601
202.718,0.0588681,0.00801862
203.528,0.0593925,0.00795151
204.343,0.0537555,0.00790787
205.16,0.0520106,0.00789244
205.981,0.0575619,0.00773653
206.804,0.0605306,0.00767768
207.632,0.0586753,0.00765803
208.462,0.0556943,0.00773295
209.296,0.0524332,0.00779638
210.133,0.04836,0.00786631
210.974,0.0472402,0.00787468
211.818,0.0463078,0.00795553
212.665,0.052571,0.00796067
213.516,0.0573286,0.0080358
214.37,0.0652044,0.00809775
215.227,0.0745257,0.00822946
216.088,0.0924652,0.0083739
216.952,0.120717,0.00844945
217.82,0.155236,0.00856107
218.692,0.190406,0.00875658
219.566,0.24367,0.00890442
220.445,0.286698,0.00911973
221.326,0.319821,0.00927888
222.212,0.328924,0.00942631
223.1,0.301924,0.00953218
223.993,0.273966,0.00941912
224.889,0.232029,0.00935339
225.788,0.210952,0.00912456
226.692,0.173866,0.0090259
227.598,0.138167,0.00880612
228.509,0.0955021,0.00868237
229.423,0.0626802,0.00854914
230.34,0.040381,0.00841606
231.262,0.0380996,0.00816235
232.187,0.0380008,0.00789653
233.116,0.0414055,0.0076527
234.048,0.0353022,0.00757544
234.984,0.0375993,0.00742526
235.924,0.0344125,0.00738074
236.868,0.0417511,0.00721142
237.815,0.0405645,0.0071991
238.767,0.0457311,0.00712301
239.722,0.0418061,0.00714496
240.681,0.0385698,0.00718786
241.643,0.0295389,0.00728594
242.61,0.0265316,0.00733737
243.58,0.0245298,0.00736493
244.555,0.0308955,0.00732696
245.533,0.0302264,0.00735484
246.515,0.0384006,0.00727542
247.501,0.042008,0.00722417
248.491,0.0518603,0.00713852
249.485,0.0493416,0.00715842
250.483,0.0441078,0.00717744
251.485,0.0440305,0.00712144
252.491,0.0485513,0.00704125
253.501,0.0514119,0.00696133
254.515,0.0515647,0.00686962
255.533,0.0580107,0.00669557
256.555,0.0558546,0.00661303
257.581,0.0591147,0.00648991
258.612,0.0569238,0.00641699
259.646,0.0639756,0.00628569
260.685,0.0591261,0.00627247
261.727,0.0592264,0.0062436
262.774,0.0644906,0.00616957
263.825,0.071346,0.00614924
264.881,0.0798485,0.00605875
265.94,0.0822125,0.00614902
267.004,0.0848122,0.00612959
268.072,0.0855168,0.0061716
269.144,0.0835214,0.00614635
270.221,0.0796281,0.00614771
271.302,0.0725215,0.00616491
272.387,0.0744528,0.00604653
273.476,0.0728958,0.00604049
274.57,0.0745491,0.00602829
275.669,0.0651471,0.00615636
276.771,0.0670773,0.00613683
277.878,0.0704161,0.00614214
278.99,0.0836915,0.00606762
280.106,0.0900432,0.00616798
281.226,0.102402,0.00616381
282.351,0.122605,0.00619793
283.481,0.150429,0.00618766
284.614,0.185117,0.00630457
285.753,0.224728,0.00649565
286.896,0.295613,0.00655382
288.044,0.365059,0.00679488
289.196,0.432285,0.00697899
290.352,0.468558,0.0072364
291.514,0.489612,0.00729267
292.68,0.490426,0.00737478
293.851,0.496742,0.00742839
295.026,0.514604,0.00751261
296.206,0.54012,0.00753265
297.391,0.532259,0.00763114
298.581,0.469898,0.00746303
299.775,0.38827,0.00729409
300.974,0.289765,0.00694659
302.178,0.201386,0.00684931
303.387,0.118748,0.00668222
304.6,0.0783763,0.00652587
305.819,0.0699517,0.00637695
307.042,0.0681991,0.00630697
308.27,0.0587475,0.00638863
309.503,0.0579769,0.00631561
310.741,0.0655674,0.00620572
311.984,0.074492,0.00613928
313.232,0.0782966,0.00616127
314.485,0.0826247,0.00615498
315.743,0.0893841,0.00612053
317.006,0.103135,0.00603362
318.274,0.116386,0.00596818
319.547,0.129303,0.0058142
320.825,0.12626,0.00577526
322.108,0.119002,0.00579667
323.397,0.120033,0.00576459
324.69,0.127292,0.00576454
325.989,0.137038,0.00568766
327.293,0.144031,0.00561272
328.602,0.144536,0.0056603
329.917,0.146731,0.00567437
331.236,0.150995,0.00562138
332.561,0.154719,0.00542814
333.892,0.149078,0.0052784
335.227,0.135526,0.00521768
336.568,0.116878,0.00511316
337.914,0.102254,0.00505943
339.266,0.0879185,0.00499096
340.623,0.0842619,0.00496103
341.986,0.0815346,0.00494171
343.354,0.0764025,0.00506962
344.727,0.0795325,0.00496476
346.106,0.0762685,0.00503074
347.49,0.0795633,0.00500763
348.88,0.0765153,0.00523125
350.276,0.0857348,0.00526078
351.677,0.0986653,0.00528106
353.084,0.122002,0.00528727
354.496,0.14357,0.00547052
355.914,0.170666,0.00560638
357.338,0.200754,0.00565191
358.767,0.2453,0.00570029
360.202,0.307887,0.00579931
361.643,0.391182,0.0060968
363.089,0.509241,0.00630019
364.542,0.626852,0.00656838
366,0.705634,0.00672597
367.464,0.667822,0.00660822
368.934,0.517362,0.00620402
370.409,0.328024,0.00561709
371.891,0.196974,0.0052194
373.379,0.15831,0.00504279
374.872,0.175886,0.00505729
376.372,0.2212,0.00518384
377.877,0.293878,0.005376
379.389,0.394392,0.00553807
380.906,0.512155,0.00593047
382.43,0.640043,0.00624353
383.96,0.731424,0.00649824
385.495,0.724495,0.0063264
387.037,0.585955,0.00596814
388.585,0.380558,0.00542851
390.14,0.208296,0.00498904
391.7,0.119811,0.00468149
393.267,0.093535,0.00455513
394.84,0.0923434,0.00453934
396.42,0.0936214,0.00464957
398.005,0.104989,0.00473482
399.597,0.114591,0.00479482
401.196,0.117992,0.00485981
402.801,0.102992,0.00498965
404.412,0.0935889,0.0048837
406.029,0.0794101,0.00482438
407.653,0.0735634,0.00480035
409.284,0.0634159,0.00489728
410.921,0.058972,0.00498386
412.565,0.056599,0.00495244
414.215,0.0564336,0.00503173
415.872,0.0699789,0.0048894
417.536,0.0765002,0.00495693
419.206,0.0936551,0.00484659
420.882,0.105936,0.00498558
422.566,0.128898,0.00504288
424.256,0.150838,0.00520677
425.953,0.158642,0.00543797
427.657,0.155868,0.00551949
429.368,0.126604,0.00563707
431.085,0.100267,0.00560012
432.81,0.0788084,0.00565112
434.541,0.0769667,0.00571673
436.279,0.0800417,0.00589783
438.024,0.0934186,0.00607338
439.776,0.115213,0.00614355
441.535,0.145473,0.0062158
443.301,0.172192,0.00639948
445.075,0.207923,0.0066645
446.855,0.262086,0.00689219
448.642,0.34139,0.00701909
450.437,0.424741,0.00712827
452.239,0.492156,0.00717809
454.048,0.504537,0.00724526
455.864,0.452479,0.00727304
457.687,0.365312,0.00709674
459.518,0.279863,0.00684955
461.356,0.240942,0.00655517
463.201,0.234593,0.00656386
465.054,0.270514,0.00664829
466.915,0.325273,0.00687088
468.782,0.403791,0.00711348
470.657,0.514798,0.00736112
472.54,0.647447,0.00759072
474.43,0.767708,0.00777729
476.328,0.806562,0.00784469
478.233,0.728907,0.00775229
480.146,0.556433,0.00738934
482.067,0.357502,0.00699561
483.995,0.208693,0.00659856
485.931,0.126963,0.00645505
487.875,0.110501,0.00629961
489.826,0.119293,0.00623017
491.785,0.144736,0.00609134
493.753,0.165477,0.00597604
495.728,0.17919,0.00584246
497.71,0.177844,0.00569295
499.701,0.160101,0.00564192
501.7,0.142089,0.00562787
503.707,0.130186,0.00567179
505.722,0.140266,0.00562507
507.745,0.159785,0.0056021
509.776,0.191758,0.00561628
511.815,0.226304,0.00587887
513.862,0.27863,0.00599291
515.917,0.330769,0.00609226
517.981,0.372185,0.00606463
520.053,0.365935,0.00614166
522.133,0.311239,0.0061097
524.222,0.239634,0.00584728
526.319,0.17564,0.00556383
528.424,0.143048,0.00551181
530.538,0.124089,0.00561331
532.66,0.115376,0.00587881
534.79,0.118524,0.00590857
536.93,0.133506,0.00582556
539.077,0.159555,0.0057887
541.234,0.191081,0.00578056
543.399,0.227596,0.00592324
545.572,0.262385,0.00598261
547.754,0.287577,0.00608137
549.945,0.285891,0.00595886
552.145,0.244636,0.00595369
554.354,0.185214,0.00593076
556.571,0.131429,0.00611159
558.797,0.112523,0.00595269
561.033,0.103018,0.00595733
563.277,0.0974715,0.00591708
565.53,0.0840153,0.0061692
567.792,0.0763073,0.00627073
570.063,0.0739837,0.0063943
572.343,0.0780608,0.0063715
574.633,0.091574,0.0063602
576.931,0.0914647,0.00660628
579.239,0.106369,0.00676001
581.556,0.118438,0.00698096
583.882,0.152702,0.00680308
586.218,0.177795,0.00682421
588.563,0.205943,0.00691275
590.917,0.236575,0.00714495
593.281,0.263956,0.00733186
595.654,0.26894,0.00764196
598.036,0.273571,0.00790233
600.428,0.280075,0.0079612
602.83,0.304324,0.00790894
605.242,0.309453,0.00800154
607.662,0.305306,0.00804959
610.093,0.272047,0.0078692
612.534,0.236456,0.00747353
614.984,0.213359,0.00721549
617.444,0.222587,0.00710138
619.913,0.251059,0.0072733
622.393,0.28236,0.00758522
624.883,0.304764,0.00761053
627.382,0.296264,0.00735702
629.892,0.250679,0.0068211
632.411,0.192017,0.00664816
634.941,0.143438,0.00672146
637.481,0.126119,0.00688082
640.031,0.126315,0.00683591
642.591,0.121185,0.00689855
645.161,0.11062,0.00690953
647.742,0.101776,0.0068606
650.333,0.094009,0.00695224
652.934,0.0924866,0.00689015
655.546,0.079759,0.00698741
658.168,0.0729267,0.00699801
660.801,0.060256,0.00723506
663.444,0.0658878,0.00715923
666.098,0.0766,0.00697492
668.762,0.0925455,0.00677336
671.437,0.0892752,0.00707761
674.123,0.0922098,0.00718188
676.819,0.0857036,0.00747389
679.526,0.0814362,0.00770103
682.245,0.0777986,0.00792094
684.974,0.0659997,0.00842175
687.713,0.0622962,0.0086883
690.464,0.0552937,0.00895893
693.226,0.0790848,0.00868566
695.999,0.0986727,0.00856961
698.783,0.118475,0.0086868
701.578,0.134704,0.00875889
704.385,0.15325,0.00895128
707.202,0.17007,0.00889999
710.031,0.169864,0.00896141
712.871,0.160399,0.0086853
715.722,0.139673,0.00841193
718.585,0.110559,0.00817623
721.46,0.0807958,0.00825258
724.346,0.0748139,0.00809361
727.243,0.0817627,0.00794331
730.152,0.101221,0.00759467
733.072,0.1171,0.00740818
736.005,0.131295,0.00736257
738.949,0.139116,0.00744251
741.905,0.142574,0.00763396
744.872,0.144254,0.00788058
747.852,0.163363,0.00775748
750.843,0.184032,0.00765449
753.846,0.178994,0.007635
756.862,0.149805,0.00777092
759.889,0.109959,0.00785576
762.929,0.0896893,0.00779172
765.981,0.0844374,0.00778103
769.045,0.092321,0.00757978
772.121,0.109446,0.00741955
775.209,0.114265,0.00747064
778.31,0.117332,0.00768765
781.423,0.120815,0.00772158
784.549,0.130737,0.00782163
787.687,0.137923,0.0080493
790.838,0.158204,0.00801916
794.001,0.183425,0.00802112
797.177,0.211291,0.00814484
800.366,0.242228,0.0086638
803.567,0.305634,0.00886825
806.782,0.397767,0.00906453
810.009,0.534169,0.00929061
813.249,0.68114,0.0100756
816.502,0.817805,0.0106484
819.768,0.836647,0.0109575
823.047,0.729056,0.0106028
826.339,0.513908,0.0101621
829.644,0.32852,0.00949912
832.963,0.21481,0.00897624
836.295,0.185048,0.00865257
839.64,0.180909,0.00875635
842.999,0.191298,0.00890565
846.371,0.208316,0.009257
849.756,0.250753,0.00930486
853.155,0.29967,0.00970898
856.568,0.375046,0.00989018
859.994,0.450588,0.0105881
863.434,0.55732,0.0108115
866.888,0.622984,0.0109892
870.355,0.600902,0.0109651
873.837,0.475276,0.0106355
877.332,0.322874,0.0100802
880.841,0.203615,0.00965016
884.365,0.135399,0.00988773
887.902,0.115372,0.00995565
891.454,0.121701,0.0098943
895.02,0.138743,0.00968664
898.6,0.150815,0.00977612
902.194,0.161357,0.00985986
905.803,0.151244,0.0104145
909.426,0.142141,0.0107359
913.064,0.136973,0.0108784
916.716,0.163379,0.0104358
920.383,0.192142,0.0100046
924.064,0.204685,0.0102757
927.761,0.196469,0.0108349
931.472,0.188604,0.0114985
935.198,0.200999,0.0114273
938.938,0.234078,0.0115177
942.694,0.276503,0.0114294
946.465,0.31693,0.0121296
950.251,0.355941,0.0125676
954.052,0.393467,0.0132226
957.868,0.456014,0.0134056
961.7,0.533603,0.0134418
965.546,0.561331,0.0136239
969.408,0.531303,0.0136185
973.286,0.465371,0.013575
977.179,0.423925,0.0135371
981.088,0.437601,0.0135874
985.012,0.468095,0.0140056
988.952,0.52138,0.0146139
992.908,0.598894,0.0150846
996.88,0.742055,0.0153748
1000.87,0.930968,0.0158139
1004.87,1.08997,0.016366
1008.89,1.09364,0.0165145
1012.93,0.923102,0.0156778
1016.98,0.648316,0.0149366
1021.05,0.433213,0.0140639
1025.13,0.313957,0.0137883
1029.23,0.272865,0.0135964
1033.35,0.248507,0.0137026
1037.48,0.248289,0.0133908
1041.63,0.237712,0.0132935
1045.8,0.244955,0.0128102
1049.98,0.229357,0.0129201
1054.18,0.208157,0.0130044
1058.4,0.190205,0.0129698
1062.63,0.169711,0.0129977
1066.88,0.178158,0.012505
1071.15,0.165818,0.0127781
1075.43,0.180299,0.0124802
1079.73,0.176731,0.012549
1084.05,0.180776,0.0129946
1088.39,0.183178,0.0131425
1092.74,0.193047,0.0128827
1097.11,0.211692,0.0124641
1101.5,0.227322,0.0124037
1105.91,0.261589,0.0123586
1110.33,0.292927,0.0120168
1114.77,0.312457,0.0127796
1119.23,0.337331,0.0134238
1123.71,0.363038,0.01388
1128.2,0.382337,0.014088
1132.72,0.370946,0.0141489
1137.25,0.318221,0.0147786
1141.8,0.284817,0.014403
1146.36,0.256825,0.0143232
1150.95,0.271607,0.0136265
1155.55,0.280148,0.0136158
1160.18,0.284686,0.0144266
1164.82,0.313346,0.0152119
1169.48,0.340669,0.0157014
1174.15,0.378064,0.0152492
1178.85,0.410015,0.0148098
1183.57,0.432035,0.0149501
1188.3,0.468015,0.0151595
1193.05,0.502115,0.0156694
1197.83,0.597785,0.0162411
1202.62,0.73256,0.0168442
1207.43,0.891322,0.0173119
1212.26,0.969834,0.017224
1217.11,0.899915,0.0169391
1221.97,0.691142,0.0168314
1226.86,0.496074,0.0154295
1231.77,0.36173,0.0153222
1236.7,0.322452,0.0147534
1241.64,0.280747,0.0158644
1246.61,0.284039,0.0157509
1251.6,0.285376,0.0157552
1256.6,0.308786,0.0154376
1261.63,0.307026,0.0152394
1266.68,0.284504,0.0156673
1271.74,0.255154,0.0163532
1276.83,0.237255,0.0167406
1281.94,0.233278,0.0166525
1287.06,0.232073,0.0168294
1292.21,0.246745,0.0174609
1297.38,0.287774,0.0174237
1302.57,0.323847,0.0173432
1307.78,0.37027,0.0168366
1313.01,0.387379,0.0179917
1318.26,0.421294,0.0183849
1323.54,0.43735,0.0185469
1328.83,0.438104,0.0180235
1334.15,0.41251,0.0176553
1339.48,0.337689,0.0184277
1344.84,0.313512,0.0181281
1350.22,0.304373,0.0179509
1355.62,0.328139,0.0175426
1361.04,0.334594,0.0174515
1366.49,0.345298,0.0171629
1371.95,0.324322,0.0174183
1377.44,0.314379,0.0170968
1382.95,0.266754,0.0180481
1388.48,0.28776,0.0172255
1394.04,0.300923,0.0174161
1399.61,0.352498,0.0171508
1405.21,0.3786,0.0177902
1410.83,0.418882,0.0173256
1416.48,0.417508,0.0167414
1422.14,0.375514,0.016645
1427.83,0.29984,0.017475
1433.54,0.253072,0.0181308
1439.28,0.241392,0.0181356
1445.03,0.257938,0.0180054
1450.81,0.292718,0.0175012
1456.62,0.3129,0.0177851
1462.44,0.310192,0.0181839
1468.29,0.295055,0.0184163
1474.17,0.305136,0.0177117
1480.06,0.313875,0.0173197
1485.98,0.300833,0.0176327
1491.93,0.299217,0.0172454
1497.9,0.266834,0.0177893
1503.89,0.250167,0.0175795
1509.9,0.222904,0.0178109
1515.94,0.209317,0.017657
1522.01,0.20264,0.0178876
1528.09,0.213048,0.0179196
1534.21,0.237134,0.017663
1540.34,0.235697,0.0181324
1546.5,0.21226,0.0191384
1552.69,0.199459,0.0199713
1558.9,0.21138,0.0195311
1565.14,0.222782,0.0193435
1571.4,0.208979,0.0196416
1577.68,0.197274,0.0200246
1583.99,0.222692,0.0190135
1590.33,0.243764,0.0184175
1596.69,0.245209,0.0186333
1603.08,0.233768,0.0193159
1609.69,0.231068,0.019584
1616.34,0.2591,0.0188195
1622.8,0.24286,0.019313
1629.29,0.234188,0.0191399
1635.81,0.207122,0.0195423
1642.35,0.203654,0.0197031
1648.92,0.204897,0.019774
1655.52,0.217061,0.0194216
1662.14,0.215181,0.0193957
1668.79,0.201191,0.0197213
1675.46,0.168478,0.021181
1682.16,0.166391,0.02127
1688.89,0.176656,0.0213442
1695.65,0.178369,0.021232
1702.43,0.173557,0.0207476
1709.24,0.166201,0.020573
1716.08,0.200017,0.0190621
1722.94,0.188218,0.0193296
1729.83,0.167598,0.0199322
1736.75,0.145155,0.0205493
1743.7,0.158179,0.0207229
1750.68,0.175322,0.0199386
1757.68,0.161753,0.0206674
1764.71,0.139407,0.0216703
1771.77,0.127282,0.0224288
1778.85,0.12509,0.0220219
1785.97,0.146869,0.020992
1793.11,0.171226,0.0206469
1800.29,0.187717,0.0207405
1807.49,0.200697,0.0212443
1814.72,0.199235,0.0217904
1821.98,0.210312,0.022868
1829.26,0.190941,0.0240636
1836.58,0.185048,0.0239918
1843.93,0.172467,0.0240428
1851.3,0.180932,0.0235289
1858.71,0.169269,0.0237356
1866.14,0.175605,0.0234428
1873.61,0.199296,0.0218104
1881.1,0.206987,0.0219704
1888.63,0.190014,0.0217611
1896.18,0.167966,0.0222633
1903.77,0.160515,0.0220074
1911.38,0.156843,0.0223439
1919.03,0.159713,0.0223768
1926.7,0.150612,0.02278
1934.41,0.151399,0.0234942
1942.15,0.123001,0.024041
1949.92,0.134709,0.0236562
1957.72,0.147016,0.0228104
1965.55,0.158817,0.0231488
1973.41,0.170858,0.0230905
1981.3,0.192147,0.0224201
1989.23,0.195708,0.0232212
1997.18,0.209257,0.0226747
2005.17,0.161662,0.0242485
2013.19,0.168558,0.0236592
2021.25,0.150889,0.0243563
2029.33,0.192905,0.0232554
2037.45,0.179021,0.0237887
2045.6,0.187754,0.0234223
2053.78,0.14639,0.0247805
2062,0.152814,0.0237739
2070.24,0.12748,0.0244565
2078.53,0.161946,0.022734
2086.84,0.185313,0.0220416
2095.19,0.187797,0.0227724
2103.57,0.174432,0.0234325
2111.98,0.120543,0.0254178
2120.43,0.159433,0.0234603
2128.91,0.161663,0.0237221
2137.43,0.205509,0.0219725
2145.98,0.182508,0.0225228
2154.56,0.199136,0.0216603
2163.18,0.183354,0.0231598
2171.83,0.176497,0.023879
2180.52,0.170587,0.0248439
2189.24,0.182137,0.0241339
2198,0.183777,0.0240482
2206.79,0.199543,0.0235583
2215.62,0.203965,0.0235178
2224.48,0.208048,0.0233868
2233.38,0.164875,0.0251006
2242.31,0.163724,0.0255024
2251.28,0.158855,0.0269526
2260.29,0.145147,0.0273482
2269.33,0.0903999,0.0286142
2278.4,0.0865648,0.0277505
2287.52,0.116108,0.0259926
2296.67,0.176051,0.0243964
2305.85,0.169585,0.0247757
2315.08,0.171355,0.025321
2324.34,0.151343,0.026264
2333.64,0.154281,0.026373
2342.97,0.165497,0.0262785
2352.34,0.190648,0.0252603
2361.75,0.205215,0.0257633
2371.2,0.164187,0.0272407
2380.68,0.151009,0.0282051
2390.21,0.131059,0.0286023
2399.77,0.177216,0.0273939
2409.37,0.151455,0.0287537
2419,0.173835,0.0276866
2428.68,0.158556,0.029698
2438.39,0.196966,0.0282188
2448.15,0.182691,0.0289962
2457.94,0.203561,0.0259634
2467.77,0.20248,0.0252443
2477.64,0.201421,0.0255719
2487.55,0.151753,0.0281058
2497.5,0.121114,0.0294251
2507.49,0.1202,0.0303207
2517.52,0.173876,0.0280459
2527.59,0.196799,0.027768
2537.7,0.212071,0.0249543
2547.85,0.17371,0.0275729
2558.05,0.19393,0.0265306
2568.28,0.191635,0.0277186
2578.55,0.196412,0.0280549
2588.87,0.114635,0.0316427
2599.22,0.117368,0.0314584
2609.62,0.130972,0.0305537
2620.06,0.170052,0.0282104
2630.54,0.146983,0.0297238
2641.06,0.133629,0.029796
2651.62,0.123188,0.030438
2662.23,0.13539,0.0297379
2672.88,0.109244,0.0314409
2683.57,0.126098,0.0317869
2694.3,0.14129,0.0305818
2705.08,0.180137,0.0285476
2715.9,0.208181,0.0261637
2726.77,0.16835,0.0296016
2737.67,0.166637,0.0294439
2748.62,0.142045,0.0309091
2759.62,0.159283,0.0299313
2770.66,0.150428,0.0298548
2781.74,0.166884,0.0290518
2792.87,0.163624,0.0271945
2804.04,0.151255,0.0294377
2815.25,0.132977,0.0303557
2826.51,0.148648,0.0313904
2837.82,0.183225,0.0294404
2849.17,0.152267,0.0299638
2860.57,0.130264,0.0308698
2872.01,0.125471,0.0311746
2883.5,0.156007,0.0353054
2895.03,0.151147,0.0349837
2906.61,0.128309,0.0351682
2918.24,0.118355,0.0296723
2929.91,0.14226,0.0285646
2941.63,0.162081,0.0283649
2953.4,0.154061,0.0306163
2965.21,0.181476,0.0301467
2977.07,0.161699,0.0318931
2988.98,0.199723,0.030681
3000.94,0.156154,0.0326126
3012.94,0.205841,0.0308475
3024.99,0.241388,0.0305331
3037.09,0.319815,0.0289149
3049.24,0.312258,0.0297308
3061.44,0.291793,0.0313247
3073.68,0.304961,0.0334559
3085.98,0.36205,0.0329723
3098.32,0.345155,0.0334238
3110.72,0.290599,0.0336477
3123.16,0.231134,0.0356047
3135.65,0.219306,0.0350755
3148.19,0.20427,0.0352924
3160.79,0.188487,0.0353691
3173.43,0.188431,0.0351978
3186.12,0.219605,0.0324253
3198.87,0.185615,0.0327947
3211.66,0.165302,0.0337012
3224.51,0.116622,0.036445
3237.41,0.139693,0.0348451
3250.36,0.15748,0.0334826
3263.36,0.133907,0.03359
3276.41,0.11957,0.0346905
3289.52,0.103643,0.0355788
3302.68,0.113673,0.0347012
3315.89,0.08758,0.0350287
3329.15,0.0638276,0.0372024
3342.47,0.0963317,0.0369064
3355.84,0.151384,0.0352192
3369.26,0.168678,0.0331276
3382.74,0.124307,0.0345552
3396.27,0.0808109,0.0367443
3409.85,0.0977307,0.0357955
3423.49,0.129014,0.035594
3437.19,0.135883,0.0351497
3450.94,0.119247,0.036592
3464.74,0.0688213,0.039042
3478.6,0.0801444,0.039356
3492.51,0.127716,0.0367799
3506.48,0.179576,0.0336003
3520.51,0.17309,0.0335451
3534.59,0.109538,0.0367058
3548.73,0.103528,0.0375938
3562.92,0.120021,0.0363552
3577.18,0.152905,0.0359138
3591.48,0.16596,0.0342455
3605.85,0.181211,0.0339412
3620.27,0.18757,0.0328334
3634.75,0.178113,0.0334944
3649.29,0.160451,0.035562
3663.89,0.175976,0.0355139
3678.55,0.167401,0.0364957
3693.26,0.149232,0.0367533
3708.03,0.15511,0.0375744
3722.87,0.154322,0.0389709
3737.76,0.167007,0.0381988
3752.71,0.181323,0.0370391
3767.72,0.225736,0.0334057
3782.79,0.219493,0.0361288
3797.92,0.159234,0.0397674
3813.11,0.15433,0.0411956
3828.37,0.122227,0.0418389
3843.68,0.124487,0.0413657
3859.05,0.0589822,0.0451023
3874.49,0.0690211,0.0446215
3889.99,0.0404663,0.0454477
3905.55,0.0847757,0.0434432
3921.17,0.0757015,0.0451912
3936.85,0.0978796,0.0444668
3952.6,0.0964595,0.0447638
3968.41,0.149394,0.0419985
3984.29,0.185407,0.041727
4000.22,0.210781,0.0395913
4016.22,0.226431,0.0370231
4032.29,0.167092,0.0392939
4048.42,0.117881,0.0414177
4064.61,0.0620932,0.0455857
4080.87,0.0982913,0.0451674
4097.19,0.107425,0.0454936
4113.58,0.0961327,0.0435407
4130.04,0.114838,0.0414041
4146.56,0.105531,0.0413835
4163.14,0.0989252,0.0445135
4179.8,0.0667169,0.0469485
4196.51,0.104663,0.0462177
4213.3,0.125134,0.0470606
4230.15,0.188475,0.0436147
4247.07,0.151574,0.0450833
4264.06,0.179613,0.0419098
4281.12,0.14556,0.0428225
4298.24,0.143319,0.043488
4315.44,0.109008,0.0455617
4332.7,0.104168,0.046872
4350.03,0.0872837,0.0484712
4367.43,0.0991285,0.04772
4384.9,0.101042,0.0483402
4402.44,0.15912,0.0467018
4420.05,0.136882,0.0503579
4437.73,0.168848,0.0503232
4455.48,0.142719,0.0494059
4473.3,0.185167,0.0459701
4491.19,0.125905,0.046229
4509.16,0.113198,0.0469623
4527.2,0.0926882,0.0462215
4545.31,0.0718717,0.0488333
4563.49,0.0917803,0.0487188
4581.74,0.118256,0.046423
4600.07,0.17778,0.0429768
4618.47,0.106264,0.0471553
4636.94,0.0940312,0.0503232
4655.49,0.0590403,0.0539092
4674.11,0.141137,0.0497653
4692.81,0.142386,0.0504283
4711.58,0.145761,0.0501898
4730.43,0.122322,0.0521889
4749.35,0.123786,0.0510817
4768.34,0.0916109,0.0534494
4787.42,0.0162427,0.0572286
4806.57,-0.0164863,0.0594757
4825.79,0.0416893,0.054583
4845.1,0.128692,0.0498241
4864.48,0.145391,0.0491982
4883.93,0.137591,0.0501027
4903.47,0.126107,0.0513612
4923.08,0.145144,0.0476883
4942.78,0.132191,0.049916
4962.55,0.159086,0.0501767
4982.4,0.153943,0.0521683
5002.33,0.112973,0.0552631
5022.34,0.0702455,0.056847
5042.43,0.0618318,0.0577446
5062.6,0.0609142,0.0574232
5082.85,0.0819724,0.0564086
5103.18,0.0771515,0.0594713
5123.59,0.173657,0.0543
5144.08,0.145175,0.0559933
5164.66,0.134147,0.0552151
5185.32,0.0967259,0.0566458
5206.06,0.0849131,0.0565821
5226.89,0.110546,0.0560762
5247.79,0.0783564,0.0594834
5268.78,0.0654992,0.0647404
5289.86,0.0360443,0.0652426
5311.02,-0.0460966,0.0680384
5332.26,-0.00206058,0.0606197
5353.59,0.00999816,0.0622721
5375.01,0.0857293,0.0588174
5396.51,0.0291748,0.0650904
5418.09,0.0302804,0.0639118
5439.76,0.00899793,0.0659422
5461.52,0.0682978,0.0632595
5483.37,0.0740814,0.0636806
5505.3,0.0726488,0.062907
5527.32,0.0966534,0.0612868
5549.43,0.155427,0.0583117
5571.63,0.238115,0.0542356
5593.92,0.177249,0.0592462
5616.29,0.138798,0.0589354
5638.76,0.0980103,0.0618503
5661.31,0.0323992,0.063628
5683.96,-0.0735348,0.0723896
5706.7,-0.0915189,0.0743713
5729.52,-0.013719,0.0736243
5752.44,0.0664515,0.0728542
5775.45,0.0495549,0.0751168
5798.55,0.0698876,0.0727001
5821.75,0.0620025,0.0709635
5845.03,0.0897962,0.0713798
5868.41,0.0863769,0.0715672
5891.89,0.0802694,0.071309
5915.45,0.0780478,0.0679349
5939.12,0.0545554,0.0727123
5962.87,0.0161869,0.0769629
5986.72,0.00759461,0.078777
6010.67,0.0434202,0.0745145
6034.71,0.143853,0.0688695
6058.85,0.186891,0.0699668
6083.09,0.190884,0.0733993
6107.42,0.117574,0.0776564
6131.85,-0.0356704,0.0833799
6156.38,-0.100413,0.0847669
6181,-0.0887559,0.0865033
6205.73,0.0869026,0.0776511
6230.55,0.124955,0.0757795
6255.47,0.176021,0.0711026
6280.49,0.113587,0.07625
6305.62,0.168023,0.0780513
6330.84,0.0690205,0.079188
6356.16,0.0212789,0.0809712
6381.59,-0.0746412,0.0833479
6407.11,0.00881873,0.083696
6432.74,0.0457054,0.0842807
6458.47,0.1304,0.0786424
6484.31,0.0710393,0.0819278
6510.24,0.0305169,0.0825304
6536.28,0.0240233,0.0854149
6562.43,0.157099,0.0773246
6588.68,0.240184,0.0732995
6615.03,0.299278,0.0673755
6641.49,0.197165,0.0765424
6668.06,0.145551,0.0773636
6694.73,0.0805963,0.081434
6721.51,0.0140729,0.0850741
6748.4,0.00779839,0.0849003
6775.39,-0.0849564,0.0904961
6802.49,-0.023672,0.0863208
6829.7,-0.014395,0.0902002
6857.02,0.0470052,0.0878088
6884.45,-0.0430826,0.0929847
6911.99,-0.0698519,0.0927643
6939.63,-0.062174,0.0930765
6967.39,0.0181049,0.0903554
6995.26,0.0947432,0.0872326
7023.24,0.129269,0.0875266
7051.34,0.203955,0.0815571
7079.54,0.176683,0.0994443
7107.86,0.0242293,0.111144
7136.29,-0.0259882,0.118077
7164.84,-0.0207173,0.106798
7193.5,0.111943,0.097151
7222.27,0.0718342,0.0965793
7251.16,0.0304593,0.100697
7280.16,-0.0664033,0.101447
7309.28,-0.0892331,0.110851
7338.52,-0.0880749,0.106168
7367.88,-0.0195094,0.101614
7397.35,0.011442,0.0890706
7426.94,-0.0425541,0.099893
7456.64,-0.106389,0.110318
7486.47,-0.143158,0.116889
7516.42,-0.0528882,0.113592
7546.48,-0.0198234,0.113115
7576.67,0.145416,0.107224
7606.97,0.149127,0.103774
7637.4,0.201565,0.100691
7667.95,0.0196641,0.109628
7698.62,0.0701132,0.109277
7729.42,0.118621,0.105026
7760.34,0.180707,0.102354
7791.38,0.0606949,0.111922
7822.54,-0.00841299,0.116655
7853.83,0.0115399,0.113565
7885.25,0.122795,0.103195
7916.79,0.0831475,0.108162
7948.46,0.0822106,0.110268
7980.25,0.0772255,0.115175
8012.17,0.0172248,0.116769
8046.85,-0.0197247,0.14594
1
-16.0303,-0.0377302,0.0211271
-15.8286,-0.0100683,0.0167924
-15.627,0.00197413,0.0168438
-15.4254,0.018249,0.0166459
-15.2237,0.00977709,0.0167609
-15.0221,0.0105615,0.0165936
-14.8204,0.0121078,0.0165384
-14.6188,0.016571,0.016574
-14.4172,0.0262524,0.0164305
-14.2155,0.0317688,0.0165963
-14.0139,0.0284848,0.0170882
-13.8122,0.0423457,0.0174091
-13.6106,0.0684062,0.0176251
-13.409,0.0830216,0.0180029
-13.2073,0.0924119,0.0184844
-13.0057,0.082345,0.0192237
-12.8041,0.0906264,0.0195681
-12.6024,0.09837,0.0201645
-12.4008,0.108449,0.020407
-12.1991,0.142506,0.0204099
-11.9975,0.156229,0.0202039
-11.7959,0.172377,0.0197695
-11.5942,0.175909,0.0192541
-11.3926,0.161465,0.0190434
-11.1909,0.178495,0.0183309
-10.9893,0.154319,0.0185177
-10.7877,0.192663,0.0177929
-10.586,0.203175,0.0176385
-10.3844,0.236253,0.0170235
-10.1828,0.206177,0.0173896
-9.98111,0.183823,0.0178259
-9.77947,0.171608,0.0181936
-9.57783,0.200124,0.0182316
-9.3762,0.208606,0.0183624
-9.17456,0.204528,0.018514
-8.97292,0.201641,0.0184642
-8.77128,0.2082,0.0183555
-8.56964,0.215678,0.0183445
-8.368,0.239266,0.0181872
-8.16636,0.261554,0.0183491
-7.96473,0.269963,0.0184343
-7.76309,0.253941,0.0186652
-7.56145,0.255722,0.0186516
-7.35981,0.259841,0.0190676
-7.15817,0.298298,0.0189952
-6.95653,0.32344,0.0189597
-6.75489,0.375643,0.0186554
-6.55326,0.370551,0.019368
-6.35162,0.356429,0.0201677
-6.14998,0.3585,0.0207457
-5.94834,0.40006,0.0207124
-5.7467,0.466832,0.0206601
-5.54506,0.502328,0.0208537
-5.34342,0.512094,0.0218412
-5.14178,0.529116,0.0229772
-4.94015,0.61174,0.0236395
-4.73851,0.712734,0.0242794
-4.53687,0.862131,0.0248851
-4.33523,0.977587,0.0262162
-4.13359,1.12356,0.0277416
-3.93195,1.28099,0.0295461
-3.73031,1.42787,0.0321691
-3.52868,1.59118,0.0359198
-3.32704,1.69325,0.0412661
-3.1254,1.87549,0.0485595
-2.92376,2.21808,0.0571566
-2.72212,2.90789,0.0670968
-2.52048,3.99615,0.0770224
-2.31884,5.67508,0.0877856
-2.11721,8.167,0.100086
-1.91557,12.4299,0.115767
-1.71393,20.4938,0.136162
-1.51229,34.7827,0.162564
-1.31065,58.2026,0.194557
-1.10901,92.0466,0.230774
-0.907374,137.751,0.268101
-0.705735,193.997,0.302509
-0.504097,256.563,0.329952
-0.302458,313.998,0.344903
-0.100819,348.294,0.342463
0.100819,344.083,0.320737
0.302458,300.913,0.283666
0.504097,234.751,0.239124
0.705735,164.36,0.195726
0.907374,102.735,0.158811
1.10901,56.2326,0.132667
1.31065,27.3789,0.117926
1.51229,13.436,0.11211
1.71393,8.00341,0.110881
1.91557,6.10801,0.109878
2.11721,5.12222,0.108865
2.31884,4.55007,0.106422
2.52048,4.08674,0.103075
2.72212,3.69966,0.098009
2.92376,3.35854,0.0919692
3.1254,3.02089,0.0847847
3.32704,2.6986,0.0772032
3.52868,2.36876,0.0690442
3.73031,1.96697,0.0615981
3.93195,1.67002,0.0541958
4.13359,1.41074,0.0476761
4.33523,1.19796,0.0415093
4.53687,1.00524,0.0365734
4.73851,0.873638,0.0325585
4.94015,0.819005,0.0295913
5.14178,0.77416,0.0276171
5.34342,0.709471,0.0264515
5.54506,0.667226,0.0256067
5.7467,0.615935,0.025016
5.94834,0.600005,0.0242601
6.14998,0.571017,0.0236615
6.35162,0.547837,0.0233807
6.55326,0.49967,0.0234108
6.75489,0.473475,0.0230841
6.95653,0.472172,0.0223318
7.15817,0.462762,0.0216738
7.35981,0.437779,0.0213821
7.56145,0.426989,0.0210172
7.76309,0.433214,0.0205035
7.96473,0.417555,0.0202324
8.16636,0.394761,0.0200872
8.368,0.373582,0.0202854
8.56964,0.368673,0.0201896
8.77128,0.343934,0.0203577
8.97292,0.322723,0.020397
9.17456,0.353736,0.0197843
9.3762,0.37273,0.0193973
9.57783,0.363138,0.0195398
9.77947,0.326311,0.0199801
9.98111,0.303805,0.0201579
10.1828,0.322086,0.0194738
10.3844,0.313981,0.0196487
10.586,0.317474,0.0198042
10.7877,0.280574,0.0204327
10.9893,0.270292,0.0204281
11.1909,0.231156,0.0208042
11.3926,0.254411,0.0202129
11.5942,0.260146,0.019934
11.7959,0.290532,0.0190964
11.9975,0.276102,0.019224
12.1991,0.265371,0.019001
12.4008,0.251367,0.019064
12.6024,0.258059,0.0183163
12.8041,0.257183,0.017942
13.0057,0.266639,0.0172504
13.2073,0.233358,0.0178012
13.409,0.224359,0.0177106
13.6106,0.217966,0.0175096
13.8122,0.225261,0.0171569
14.0139,0.196992,0.017451
14.2155,0.185102,0.017444
14.4172,0.179116,0.0172844
14.6188,0.188146,0.0169499
14.8204,0.179304,0.0168232
15.0221,0.16448,0.0168948
15.2237,0.152248,0.0165787
15.4254,0.134506,0.0169295
15.627,0.136287,0.0167309
15.8286,0.14463,0.0167194
16.0303,0.151655,0.0163135
16.2319,0.16032,0.0159781
16.4335,0.157373,0.0158891
16.6352,0.152272,0.0159059
16.8368,0.134105,0.0161872
17.0385,0.130313,0.0161597
17.2401,0.123103,0.0163427
17.4417,0.120018,0.0164757
17.6434,0.0998576,0.0169253
17.845,0.105523,0.0165232
18.0467,0.131272,0.0157384
18.2483,0.154136,0.0151657
18.4499,0.14207,0.0154699
18.6516,0.106011,0.015936
18.8532,0.113071,0.0151672
19.0548,0.121682,0.0145595
19.2565,0.139266,0.014033
19.4581,0.12713,0.0143134
19.6598,0.114094,0.0144047
19.8614,0.102444,0.0143159
20.063,0.0970841,0.0143072
20.2647,0.106983,0.0138902
20.4663,0.11249,0.013736
20.668,0.11441,0.0135332
20.8696,0.107512,0.0134839
21.0712,0.106642,0.0136351
21.2729,0.0838178,0.0139173
21.4745,0.0862142,0.0139493
21.6762,0.0920115,0.01342
21.8778,0.108225,0.0128812
22.0794,0.112786,0.0126556
22.2811,0.089115,0.0131291
22.4827,0.0880112,0.0131439
22.6843,0.088562,0.0129357
22.886,0.103613,0.0123702
23.0876,0.100628,0.0124396
23.2893,0.0879801,0.0127468
23.4909,0.095243,0.0126664
23.6925,0.0913676,0.0126445
23.8942,0.106456,0.0121162
24.0958,0.105352,0.0119824
24.2975,0.114526,0.0116611
24.4991,0.0953831,0.0123789
24.7007,0.0906863,0.0126239
24.9024,0.0964787,0.0126051
25.104,0.105143,0.0122803
25.3056,0.111527,0.0121786
25.5073,0.106025,0.0123725
25.7089,0.0950651,0.012516
25.9106,0.0850073,0.0127647
26.1122,0.0842626,0.0128466
26.3138,0.10223,0.0127015
26.5155,0.108363,0.0128272
26.7171,0.127627,0.0125048
26.9188,0.135208,0.0126272
27.1204,0.148901,0.0121073
27.322,0.147795,0.0126015
27.5237,0.156041,0.0125482
27.7253,0.174794,0.0127782
27.9269,0.175644,0.0128968
28.1286,0.187202,0.0127893
28.3302,0.18191,0.0132758
28.5319,0.206896,0.0129281
28.7335,0.205262,0.0131413
28.9351,0.216618,0.0129883
29.1368,0.195903,0.0135496
29.3384,0.186952,0.0137824
29.5401,0.180707,0.0138679
29.7417,0.174287,0.0141443
29.9433,0.186715,0.0141141
30.145,0.179114,0.0142522
30.3466,0.201137,0.0134592
30.5483,0.181088,0.0139471
30.7499,0.175101,0.0141094
30.9515,0.155958,0.0147511
31.1532,0.163347,0.0145001
31.3548,0.170126,0.0143831
31.5564,0.17614,0.0142549
31.7581,0.169801,0.0144937
31.9597,0.155391,0.0149005
32.1614,0.163797,0.0147221
32.363,0.176782,0.0145193
32.5646,0.188681,0.0142387
32.7663,0.189858,0.0144985
32.9679,0.164281,0.0152679
33.1696,0.163449,0.015308
33.3712,0.159715,0.0153559
33.5728,0.192902,0.0146444
33.7745,0.199154,0.0149351
33.9761,0.20577,0.0150565
34.1777,0.22076,0.0149591
34.3794,0.235379,0.0146634
34.581,0.252886,0.0144502
34.7827,0.25629,0.0147149
34.9843,0.259192,0.0147285
35.1859,0.251019,0.0149289
35.3876,0.259726,0.0145113
35.5892,0.265661,0.0144339
35.7909,0.271314,0.0143642
35.9925,0.267456,0.0145197
36.1941,0.25533,0.0148271
36.3958,0.264286,0.0147326
36.5974,0.266444,0.014731
36.799,0.313131,0.0136826
37.0007,0.298733,0.0138062
37.2023,0.307677,0.0134479
37.404,0.282434,0.0138262
37.6056,0.300188,0.013489
37.8072,0.292265,0.0134401
38.0089,0.290506,0.0135697
38.2105,0.289807,0.0135532
38.4122,0.306364,0.0135485
38.6138,0.313627,0.0135956
38.8154,0.32995,0.0132862
39.0171,0.3328,0.0129328
39.2187,0.331848,0.0127788
39.4203,0.350517,0.0123042
39.622,0.34864,0.0125007
39.8236,0.353772,0.012416
40.0253,0.32903,0.0127955
40.2269,0.331137,0.0134814
40.4084,0.335636,0.0135948
40.57,0.334923,0.0141731
40.7323,0.331452,0.0137174
40.8952,0.316621,0.0143303
41.0588,0.313862,0.0140984
41.223,0.306935,0.0140924
41.3879,0.303009,0.0139088
41.5535,0.297765,0.0137665
41.7197,0.287304,0.0139048
41.8866,0.301251,0.0133027
42.0541,0.303781,0.013203
42.2223,0.304743,0.0127677
42.3912,0.276709,0.0133272
42.5608,0.273222,0.0132183
42.731,0.24968,0.0139497
42.902,0.265893,0.0136477
43.0736,0.251998,0.0138381
43.2459,0.270807,0.0131006
43.4188,0.269854,0.0126314
43.5925,0.279143,0.0124418
43.7669,0.29281,0.0119489
43.942,0.29915,0.0113693
44.1177,0.29831,0.0110229
44.2942,0.270678,0.0117232
44.4714,0.248231,0.0124131
44.6493,0.234128,0.0126149
44.8279,0.246054,0.0121318
45.0072,0.258073,0.0117186
45.1872,0.269987,0.0112241
45.3679,0.271599,0.0111657
45.5494,0.266753,0.0107278
45.7316,0.259582,0.0109179
45.9145,0.249106,0.0106985
46.0982,0.237407,0.0106586
46.2826,0.226809,0.0103648
46.4677,0.227653,0.0102741
46.6536,0.221913,0.010295
46.8402,0.22016,0.0102887
47.0276,0.204002,0.0102226
47.2157,0.199349,0.01009
47.4045,0.190265,0.0102535
47.5942,0.185253,0.0102574
47.7845,0.179701,0.0103699
47.9757,0.169344,0.0102517
48.1676,0.167714,0.0104263
48.3602,0.155126,0.0104651
48.5537,0.151807,0.0103875
48.7479,0.15417,0.00992393
48.9429,0.161706,0.00975974
49.1387,0.155718,0.00953981
49.3352,0.142326,0.0098554
49.5326,0.145608,0.009812
49.7307,0.153631,0.00992325
49.9296,0.153662,0.00983959
50.1293,0.147077,0.0100618
50.3298,0.143278,0.0101079
50.5312,0.142652,0.0103617
50.7333,0.13976,0.0105045
50.9362,0.147857,0.0102001
51.14,0.154997,0.00980885
51.3445,0.164236,0.0096021
51.5499,0.155743,0.0100963
51.7561,0.161705,0.0101031
51.9631,0.167963,0.00982284
52.171,0.168271,0.00962478
52.3797,0.168844,0.0096311
52.5892,0.162556,0.00969272
52.7995,0.168116,0.00945045
53.0107,0.159605,0.00951417
53.2228,0.156957,0.00958484
53.4357,0.152598,0.0098863
53.6494,0.15321,0.0098796
53.864,0.150976,0.00976666
54.0795,0.147545,0.00966365
54.2958,0.149893,0.00925495
54.513,0.151247,0.00930703
54.731,0.151523,0.00929444
54.95,0.139014,0.0101286
55.1698,0.147315,0.00989508
55.3904,0.14838,0.0098014
55.612,0.158943,0.0092236
55.8344,0.143144,0.0098325
56.0578,0.139396,0.010071
56.282,0.145147,0.0100382
56.5071,0.156024,0.00970204
56.7332,0.15801,0.00961386
56.9601,0.150007,0.00987749
57.1879,0.155623,0.00971564
57.4167,0.162866,0.00980868
57.6464,0.160861,0.00976645
57.8769,0.154528,0.00999636
58.1085,0.154593,0.00956706
58.3409,0.158358,0.00949044
58.5742,0.153322,0.00927967
58.8085,0.158386,0.00922291
59.0438,0.156434,0.00925178
59.28,0.169113,0.00909648
59.5171,0.161099,0.00923661
59.7551,0.16638,0.00895527
59.9942,0.165878,0.00893199
60.2341,0.161915,0.00869532
60.4751,0.15723,0.00869948
60.717,0.142266,0.00896265
60.9598,0.143602,0.00912711
61.2037,0.147757,0.00906057
61.4485,0.152531,0.00884907
61.6943,0.165034,0.00852101
61.9411,0.159022,0.00866103
62.1888,0.15779,0.0087337
62.4376,0.145959,0.0093094
62.6873,0.155762,0.00913483
62.9381,0.162132,0.00911714
63.1898,0.166093,0.00874657
63.4426,0.154717,0.00904881
63.6964,0.157165,0.00910569
63.9512,0.156315,0.00925004
64.207,0.170324,0.00904331
64.4638,0.171704,0.00877599
64.7216,0.174396,0.00872482
64.9805,0.1715,0.00870077
65.2405,0.166671,0.00889816
65.5014,0.169781,0.00873355
65.7634,0.171567,0.00865617
66.0265,0.172804,0.00860197
66.2906,0.188861,0.00819963
66.5557,0.179972,0.00822848
66.822,0.182271,0.00811649
67.0893,0.171588,0.00837114
67.3576,0.174229,0.00840795
67.627,0.168088,0.00856543
67.8975,0.154201,0.0088605
68.1691,0.161318,0.00869777
68.4418,0.173304,0.00832845
68.7156,0.185558,0.00787112
68.9904,0.180988,0.00791064
69.2664,0.170139,0.00815544
69.5435,0.16877,0.00809208
69.8216,0.168244,0.00796381
70.1009,0.169515,0.00787043
70.3813,0.165948,0.00792559
70.6629,0.163869,0.00817695
70.9455,0.165945,0.00800086
71.2293,0.168197,0.00814607
71.5142,0.177125,0.00761594
71.8003,0.173638,0.00759253
72.0875,0.169353,0.00749516
72.3758,0.164454,0.00765868
72.6653,0.172691,0.00762351
72.956,0.175236,0.00776188
73.2478,0.173991,0.00773377
73.5408,0.165433,0.0077891
73.835,0.169572,0.00740399
74.1303,0.167163,0.00740148
74.4268,0.16984,0.00734532
74.7245,0.168708,0.00753125
75.0234,0.161615,0.00764212
75.3235,0.158165,0.00777001
75.6248,0.159496,0.00755335
75.9273,0.173729,0.00739521
76.231,0.19178,0.00677229
76.5359,0.185583,0.00716235
76.8421,0.192867,0.00713406
77.1495,0.187541,0.00759336
77.4581,0.192949,0.00735177
77.7679,0.189686,0.00722374
78.079,0.181326,0.00733857
78.3913,0.184905,0.00739162
78.7048,0.182009,0.00749445
79.0197,0.187394,0.00739429
79.3357,0.183915,0.00750486
79.6531,0.190345,0.00745029
79.9717,0.190878,0.00762976
80.2916,0.189679,0.00769179
80.6128,0.188363,0.00783589
80.9352,0.191579,0.00764994
81.2589,0.198737,0.00745325
81.584,0.196501,0.00774427
81.9103,0.199115,0.00774804
82.238,0.208993,0.00781623
82.5669,0.214869,0.0076147
82.8972,0.223277,0.0074748
83.2288,0.215594,0.00756738
83.5617,0.21235,0.0078276
83.8959,0.205986,0.00807811
84.2315,0.214368,0.00793467
84.5684,0.222079,0.00744515
84.9067,0.217589,0.00725978
85.2463,0.210885,0.00707809
85.5873,0.205293,0.00735638
85.9297,0.205661,0.0074765
86.2734,0.208926,0.00779655
86.6185,0.207061,0.00784337
86.965,0.208783,0.00778368
87.3128,0.20106,0.0077907
87.6621,0.209153,0.00764449
88.0127,0.206251,0.00772559
88.3648,0.207135,0.00764091
88.7182,0.203324,0.00770361
89.0731,0.213465,0.00783569
89.4294,0.215926,0.00820868
89.7871,0.227865,0.00822607
90.1463,0.236804,0.0081792
90.5068,0.248162,0.00824698
90.8689,0.248879,0.00855671
91.2323,0.250378,0.00889774
91.5973,0.266424,0.00872791
91.9637,0.275809,0.00899601
92.3315,0.293096,0.00882761
92.7008,0.292948,0.00913391
93.0716,0.296507,0.00903843
93.4439,0.300059,0.00908764
93.8177,0.304935,0.00908735
94.193,0.313081,0.00890318
94.5698,0.312489,0.00905403
94.948,0.325091,0.00886497
95.3278,0.332355,0.00880704
95.7091,0.337462,0.00859288
96.092,0.326285,0.00862341
96.4763,0.315022,0.00878584
96.8622,0.312072,0.00889868
97.2497,0.317335,0.00875177
97.6387,0.311484,0.00870731
98.0292,0.30114,0.00865118
98.4214,0.287951,0.00882931
98.8151,0.290443,0.00857465
99.2103,0.280132,0.00868614
99.6072,0.273054,0.00851961
100.006,0.255634,0.00874545
100.406,0.252536,0.00847699
100.807,0.244835,0.00833893
101.21,0.246081,0.008067
101.615,0.236198,0.00825131
102.022,0.232236,0.00838576
102.43,0.212423,0.00863323
102.84,0.204622,0.008688
103.251,0.202593,0.00866506
103.664,0.219829,0.00846226
104.079,0.226157,0.00837785
104.495,0.228347,0.00839266
104.913,0.219304,0.00867963
105.333,0.213474,0.00895384
105.754,0.209636,0.00898843
106.177,0.198462,0.00932997
106.602,0.207832,0.0092563
107.028,0.199862,0.00984238
107.456,0.203934,0.00991283
107.886,0.204287,0.0100336
108.317,0.212531,0.00988753
108.751,0.215584,0.00982456
109.186,0.211277,0.00978548
109.622,0.20821,0.00974445
110.061,0.216887,0.00947067
110.501,0.223322,0.00927537
110.943,0.23005,0.00900802
111.387,0.23459,0.00879305
111.833,0.23662,0.00862289
112.28,0.247617,0.00837963
112.729,0.242197,0.00841574
113.18,0.237758,0.00838267
113.633,0.231861,0.00818979
114.087,0.229346,0.00804922
114.544,0.216377,0.00816247
115.002,0.199485,0.00839017
115.462,0.190731,0.00827842
115.924,0.179875,0.00841747
116.387,0.170792,0.00850342
116.853,0.172136,0.00857644
117.32,0.169455,0.00847611
117.789,0.170552,0.00842789
118.261,0.171056,0.00841402
118.734,0.177263,0.00834524
119.209,0.178773,0.00816825
119.685,0.163791,0.0081419
120.164,0.15387,0.0079758
120.645,0.131089,0.0081683
121.127,0.121667,0.00812322
121.612,0.100576,0.00825355
122.098,0.0823181,0.00826119
122.587,0.0679218,0.00826277
123.077,0.0660536,0.00807382
123.569,0.0702124,0.00785509
124.064,0.0629579,0.00778145
124.56,0.054077,0.00779509
125.058,0.0350817,0.00804022
125.558,0.0341928,0.00805808
126.061,0.0260351,0.00829609
126.565,0.0381594,0.00808099
127.071,0.0386824,0.00817326
127.579,0.0520378,0.00805582
128.09,0.0689915,0.00803628
128.602,0.0768936,0.00814025
129.117,0.0870382,0.00809543
129.633,0.0921191,0.00821979
130.152,0.107903,0.00810462
130.672,0.123612,0.00805513
131.195,0.134993,0.00795777
131.72,0.142973,0.00794484
132.246,0.144533,0.00799558
132.775,0.130297,0.00829705
133.307,0.1165,0.00862448
133.84,0.117721,0.00870323
134.375,0.124851,0.00875595
134.913,0.131864,0.00875491
135.452,0.117943,0.00899604
135.994,0.112937,0.00910817
136.538,0.101605,0.00933403
137.084,0.111983,0.00940649
137.633,0.122766,0.00928865
138.183,0.141443,0.00901645
138.736,0.143869,0.00881837
139.291,0.13807,0.00900069
139.848,0.13981,0.00908454
140.407,0.146239,0.00922314
140.969,0.14471,0.0094039
141.533,0.145155,0.00951716
142.099,0.137535,0.0096725
142.667,0.136184,0.00962973
143.238,0.131831,0.0096363
143.811,0.14287,0.00957719
144.386,0.158331,0.00959727
144.964,0.170327,0.00973134
145.544,0.174926,0.0100655
146.126,0.18473,0.0103701
146.71,0.20963,0.0104329
147.297,0.245252,0.0102597
147.886,0.272595,0.0100206
148.478,0.287262,0.0099496
149.072,0.285266,0.0100273
149.668,0.279374,0.0099528
150.267,0.265164,0.0100751
150.868,0.259233,0.0100009
151.471,0.260889,0.00999916
152.077,0.267597,0.0100325
152.685,0.28217,0.0100697
153.296,0.314346,0.0100707
153.909,0.355861,0.0101402
154.525,0.401768,0.0104184
155.143,0.447443,0.0107045
155.764,0.501513,0.010897
156.387,0.546119,0.0108693
157.012,0.575542,0.0110067
157.64,0.577325,0.0110472
158.271,0.572919,0.0112013
158.904,0.55785,0.0110686
159.54,0.547807,0.0110985
160.178,0.540923,0.0110631
160.819,0.569356,0.0109634
161.462,0.579983,0.0107647
162.108,0.581967,0.0106401
162.756,0.563459,0.010757
163.407,0.553711,0.010755
164.061,0.537703,0.0107208
164.717,0.525542,0.0105385
165.376,0.503679,0.0105768
166.037,0.491127,0.0105413
166.701,0.481781,0.01053
167.368,0.492687,0.0104044
168.038,0.50562,0.0105224
168.71,0.525436,0.0105452
169.385,0.538202,0.0105362
170.062,0.560203,0.0101535
170.743,0.559458,0.0100768
171.426,0.560058,0.00996274
172.111,0.541755,0.0100192
172.8,0.513748,0.00988895
173.491,0.49754,0.00973194
174.185,0.477229,0.0098329
174.882,0.464713,0.00984071
175.581,0.423338,0.0097837
176.283,0.370773,0.00952392
176.989,0.286755,0.00943483
177.697,0.211353,0.00930727
178.407,0.148381,0.00909742
179.121,0.108122,0.00893306
179.837,0.0744781,0.00889287
180.557,0.058402,0.00884955
181.279,0.0598087,0.00859118
182.004,0.0631693,0.00840572
182.732,0.0665504,0.00821073
183.463,0.0585961,0.00828297
184.197,0.0525958,0.00834248
184.934,0.0394802,0.0084404
185.673,0.0406412,0.00828523
186.416,0.0396691,0.00817485
187.162,0.0424246,0.0081185
187.91,0.0444719,0.00809796
188.662,0.0479467,0.00806649
189.417,0.0513939,0.00796875
190.174,0.051799,0.00798571
190.935,0.0579378,0.00777567
191.699,0.0563286,0.00779789
192.466,0.0401388,0.00801153
193.235,0.0335956,0.00814337
194.008,0.0220411,0.00824683
194.784,0.0310706,0.0081172
195.564,0.0200098,0.00833043
196.346,0.0280675,0.0081372
197.131,0.0245004,0.00816654
197.92,0.020111,0.00816167
198.711,0.0216566,0.00814833
199.506,0.0220442,0.00811723
200.304,0.0373912,0.00783324
201.106,0.0349795,0.00781903
201.91,0.0379277,0.00770351
202.718,0.0299209,0.00774507
203.528,0.0270946,0.0077827
204.343,0.0263342,0.00772505
205.16,0.0256082,0.00775139
205.981,0.0343936,0.0075514
206.804,0.0437009,0.00728877
207.632,0.0581535,0.00699736
208.462,0.0535184,0.00720428
209.296,0.0471283,0.00741753
210.133,0.0438298,0.00743132
210.974,0.0449961,0.00734117
211.818,0.0515799,0.00725423
212.665,0.0590584,0.0071588
213.516,0.0571456,0.00733466
214.37,0.0599249,0.00744617
215.227,0.0652359,0.00752887
216.088,0.0767666,0.00748451
216.952,0.0840684,0.00767435
217.82,0.0917826,0.00800018
218.692,0.118308,0.00802975
219.566,0.157327,0.00796238
220.445,0.191133,0.00811211
221.326,0.227957,0.00817949
222.212,0.245003,0.00838878
223.1,0.244711,0.00831572
223.993,0.229867,0.00816706
224.889,0.210065,0.00785453
225.788,0.185366,0.00793039
226.692,0.15497,0.00802044
227.598,0.122678,0.00805992
228.509,0.096398,0.0079212
229.423,0.065747,0.00808932
230.34,0.0468752,0.00824113
231.262,0.0445163,0.00814897
232.187,0.0457848,0.00798393
233.116,0.0507033,0.00780214
234.048,0.0503503,0.00773919
234.984,0.0539645,0.00764798
235.924,0.0557278,0.00756939
236.868,0.0539731,0.00761142
237.815,0.0556344,0.00758976
238.767,0.0505467,0.00769981
239.722,0.055347,0.00758809
240.681,0.0466174,0.00770877
241.643,0.0512252,0.00750503
242.61,0.0488695,0.00752652
243.58,0.0586146,0.00732345
244.555,0.0611351,0.00724676
245.533,0.0653805,0.0070521
246.515,0.0638313,0.00701212
247.501,0.0576504,0.00708416
248.491,0.055709,0.00711808
249.485,0.0559307,0.00703512
250.483,0.0554878,0.00705231
251.485,0.0562005,0.00707405
252.491,0.0504435,0.00724372
253.501,0.0478004,0.00719228
254.515,0.0479986,0.00714205
255.533,0.059066,0.00698123
256.555,0.0675962,0.00690891
257.581,0.0698439,0.00682187
258.612,0.0608172,0.00690762
259.646,0.0570201,0.00690588
260.685,0.058917,0.00689886
261.727,0.0631504,0.00680145
262.774,0.0652047,0.00692887
263.825,0.0644544,0.0070213
264.881,0.0794103,0.00680163
265.94,0.0925777,0.00653969
267.004,0.0909634,0.00671332
268.072,0.0816687,0.00708139
269.144,0.0730156,0.00734299
270.221,0.0739858,0.00725283
271.302,0.0763038,0.00711484
272.387,0.072963,0.00712592
273.476,0.067612,0.00723276
274.57,0.0649399,0.0073212
275.669,0.0640009,0.00734758
276.771,0.0716921,0.00723481
277.878,0.0766217,0.00722048
278.99,0.0772106,0.00739056
280.106,0.0789059,0.00752013
281.226,0.0849145,0.00768656
282.351,0.106797,0.00751047
283.481,0.129534,0.00748637
284.614,0.146313,0.00766598
285.753,0.164022,0.00805392
286.896,0.187073,0.00845984
288.044,0.22924,0.00868179
289.196,0.28491,0.00873726
290.352,0.329635,0.00876284
291.514,0.350471,0.00870199
292.68,0.359369,0.00880197
293.851,0.373987,0.00895498
295.026,0.392101,0.00918173
296.206,0.412145,0.00924809
297.391,0.412924,0.00922417
298.581,0.396807,0.00901243
299.775,0.335337,0.00893747
300.974,0.268886,0.00858809
302.178,0.189652,0.00831969
303.387,0.128659,0.00797238
304.6,0.0725262,0.00796951
305.819,0.0477824,0.00802346
307.042,0.0474339,0.00782638
308.27,0.0489625,0.00771907
309.503,0.0547615,0.00747679
310.741,0.0490799,0.00752557
311.984,0.0513364,0.00738422
313.232,0.0460299,0.00738639
314.485,0.0497981,0.00718369
315.743,0.0538972,0.00716816
317.006,0.0609564,0.00717752
318.274,0.0715854,0.00713502
319.547,0.0788824,0.00708193
320.825,0.0774163,0.00705492
322.108,0.0694577,0.00701683
323.397,0.0614008,0.0068935
324.69,0.0650906,0.00663975
325.989,0.0637313,0.00670717
327.293,0.0668873,0.00676288
328.602,0.0749045,0.00651253
329.917,0.0778475,0.00641656
331.236,0.0816789,0.00618681
332.561,0.0795493,0.00618931
333.892,0.0835069,0.00587508
335.227,0.0839807,0.00570104
336.568,0.0768491,0.00568338
337.914,0.0673989,0.0057399
339.266,0.0589099,0.00582083
340.623,0.058862,0.0057607
341.986,0.05766,0.00582894
343.354,0.0642174,0.00549905
344.727,0.061084,0.0054999
346.106,0.0596444,0.00538878
347.49,0.0591464,0.00553838
348.88,0.0625573,0.00559443
350.276,0.0667617,0.00565148
351.677,0.06612,0.005876
353.084,0.0804676,0.00588996
354.496,0.0929408,0.00606612
355.914,0.117715,0.0059876
357.338,0.134524,0.00604187
358.767,0.171207,0.0058721
360.202,0.206059,0.00589345
361.643,0.269311,0.00601506
363.089,0.344542,0.00641926
364.542,0.436296,0.00688907
366,0.514484,0.00719782
367.464,0.521015,0.00713831
368.934,0.432828,0.00672902
370.409,0.284009,0.00597622
371.891,0.16562,0.00545145
373.379,0.121573,0.00520318
374.872,0.128861,0.00551501
376.372,0.164599,0.00573171
377.877,0.213564,0.0060634
379.389,0.29048,0.00622947
380.906,0.391407,0.00662324
382.43,0.511564,0.00698193
383.96,0.603742,0.00747004
385.495,0.630526,0.00752012
387.037,0.545079,0.00714287
388.585,0.383829,0.00638653
390.14,0.215286,0.00557877
391.7,0.111771,0.00520663
393.267,0.0773232,0.00496141
394.84,0.0713122,0.00511919
396.42,0.0777076,0.00510967
398.005,0.0833637,0.00515772
399.597,0.0842902,0.0053774
401.196,0.0874697,0.00537375
402.801,0.0844481,0.00541749
404.412,0.0844344,0.00512756
406.029,0.0695911,0.00521708
407.653,0.0552357,0.00527307
409.284,0.050566,0.00518151
410.921,0.0518404,0.00506602
412.565,0.0528799,0.00508717
414.215,0.0462397,0.00544636
415.872,0.0456084,0.00558466
417.536,0.0515001,0.0056492
419.206,0.0618381,0.0055738
420.882,0.072667,0.00567444
422.566,0.0877089,0.00578825
424.256,0.104245,0.00583867
425.953,0.121411,0.00594208
427.657,0.12703,0.00588761
429.368,0.111262,0.00596759
431.085,0.085114,0.00586432
432.81,0.0632199,0.00595068
434.541,0.0589373,0.00608706
436.279,0.0649233,0.00614983
438.024,0.0745864,0.006189
439.776,0.081888,0.00641653
441.535,0.0961043,0.0067653
443.301,0.12048,0.0069886
445.075,0.168062,0.00679679
446.855,0.21814,0.00691178
448.642,0.275081,0.00717601
450.437,0.337113,0.00748549
452.239,0.393826,0.00759717
454.048,0.433654,0.00741005
455.864,0.423326,0.00725839
457.687,0.364033,0.00685174
459.518,0.275454,0.00665134
461.356,0.214812,0.00616864
463.201,0.19581,0.00608969
465.054,0.219561,0.00614472
466.915,0.256744,0.00664056
468.782,0.329099,0.00706626
470.657,0.417092,0.00756457
472.54,0.531268,0.0081087
474.43,0.642432,0.00854373
476.328,0.706101,0.00882839
478.233,0.681963,0.00866785
480.146,0.550915,0.00818578
482.067,0.375079,0.00743938
483.995,0.215914,0.00688385
485.931,0.120373,0.00676073
487.875,0.0981359,0.0065146
489.826,0.108984,0.0063978
491.785,0.126651,0.00637522
493.753,0.144839,0.00649072
495.728,0.144446,0.00686287
497.71,0.14762,0.00684088
499.701,0.128497,0.00705827
501.7,0.12023,0.00680501
503.707,0.103513,0.00695685
505.722,0.10822,0.00679382
507.745,0.128805,0.00670953
509.776,0.163809,0.00649595
511.815,0.194848,0.00666265
513.862,0.225703,0.00704989
515.917,0.267708,0.00726777
517.981,0.304205,0.00738933
520.053,0.32779,0.0072864
522.133,0.303038,0.00706154
524.222,0.244432,0.00673621
526.319,0.164556,0.00675218
528.424,0.110686,0.00685897
530.538,0.0902475,0.00690113
532.66,0.0903114,0.00670061
534.79,0.0971078,0.00668549
536.93,0.0988292,0.00697065
539.077,0.118419,0.00686786
541.234,0.143235,0.00660717
543.399,0.169826,0.00672472
545.572,0.192583,0.00726051
547.754,0.216088,0.00762176
549.945,0.234847,0.00756676
552.145,0.221494,0.00727119
554.354,0.169461,0.00721598
556.571,0.12288,0.00695528
558.797,0.090011,0.00698058
561.033,0.0861259,0.0069533
563.277,0.0783247,0.00686186
565.53,0.0787403,0.00682518
567.792,0.0773076,0.00670995
570.063,0.0756787,0.00695337
572.343,0.080232,0.00683316
574.633,0.0883331,0.00690305
576.931,0.0941703,0.00699068
579.239,0.101441,0.00715717
581.556,0.107083,0.00729741
583.882,0.12294,0.00729412
586.218,0.135173,0.00756287
588.563,0.160277,0.00757676
590.917,0.188432,0.00785013
593.281,0.210802,0.00790152
595.654,0.221355,0.00835474
598.036,0.231852,0.00846502
600.428,0.246429,0.00837854
602.83,0.271143,0.00815399
605.242,0.295626,0.00817149
607.662,0.307738,0.00824957
610.093,0.272479,0.00851159
612.534,0.219097,0.00860697
614.984,0.172267,0.00896507
617.444,0.174114,0.00889616
619.913,0.203561,0.00886504
622.393,0.263128,0.00874414
624.883,0.299665,0.00910791
627.382,0.302707,0.00918694
629.892,0.245897,0.00925823
632.411,0.182985,0.00881188
634.941,0.128461,0.00877035
637.481,0.0977242,0.00896793
640.031,0.0808438,0.00924967
642.591,0.0756604,0.00925202
645.161,0.0738355,0.00898107
647.742,0.0833664,0.00846679
650.333,0.0796033,0.00848779
652.934,0.0835788,0.00837484
655.546,0.0617912,0.00887075
658.168,0.0603461,0.00851916
660.801,0.0479612,0.00855613
663.444,0.0617074,0.00805626
666.098,0.0612515,0.00799982
668.762,0.0723169,0.00765291
671.437,0.0607622,0.00800136
674.123,0.0620141,0.00821303
676.819,0.0584674,0.00846765
679.526,0.0679823,0.00856149
682.245,0.0681155,0.00886916
684.974,0.0638406,0.00926081
687.713,0.068652,0.0090799
690.464,0.0694482,0.00904436
693.226,0.0761156,0.00911058
695.999,0.0808347,0.00936762
698.783,0.0898404,0.00959016
701.578,0.105359,0.00959848
704.385,0.129497,0.00981397
707.202,0.164949,0.00970264
710.031,0.17806,0.0097427
712.871,0.165946,0.00974181
715.722,0.12205,0.0100359
718.585,0.0991064,0.00973063
721.46,0.0810219,0.00960889
724.346,0.0936481,0.00909504
727.243,0.083915,0.00958602
730.152,0.0918809,0.00941419
733.072,0.0883908,0.00972197
736.005,0.102133,0.00969348
738.949,0.124083,0.00938497
741.905,0.145208,0.00916705
744.872,0.167844,0.00879807
747.852,0.169916,0.00943748
750.843,0.178618,0.00976755
753.846,0.165537,0.0102865
756.862,0.142147,0.0103417
759.889,0.123181,0.00955734
762.929,0.112525,0.00869745
765.981,0.103261,0.0084826
769.045,0.0815792,0.00939017
772.121,0.0742395,0.0100599
775.209,0.0856167,0.0100077
778.31,0.0993808,0.00969751
781.423,0.106271,0.00936089
784.549,0.112316,0.00949321
787.687,0.119861,0.00967235
790.838,0.140698,0.00971582
794.001,0.159786,0.0101477
797.177,0.190309,0.0103611
800.366,0.226939,0.0106153
803.567,0.28474,0.0105716
806.782,0.363969,0.0107443
810.009,0.483418,0.011337
813.249,0.639098,0.0120989
816.502,0.809045,0.013165
819.768,0.919646,0.0138184
823.047,0.87953,0.0138936
826.339,0.683755,0.0132685
829.644,0.435814,0.012276
832.963,0.260781,0.0110928
836.295,0.186711,0.0106776
839.64,0.165047,0.0109882
842.999,0.166608,0.0113114
846.371,0.177182,0.0116791
849.756,0.204132,0.0118425
853.155,0.257124,0.011855
856.568,0.330116,0.01202
859.994,0.434959,0.0120449
863.434,0.542774,0.0130286
866.888,0.646029,0.0138012
870.355,0.669223,0.014244
873.837,0.562883,0.0143252
877.332,0.394037,0.0133102
880.841,0.229623,0.0125863
884.365,0.139167,0.0119635
887.902,0.113584,0.0115038
891.454,0.102407,0.0116771
895.02,0.118594,0.0113374
898.6,0.112544,0.0116804
902.194,0.139859,0.0110172
905.803,0.150463,0.0110102
909.426,0.141728,0.0121884
913.064,0.133446,0.0129279
916.716,0.141328,0.0131801
920.383,0.177669,0.0121776
924.064,0.183403,0.0123793
927.761,0.187756,0.0124742
931.472,0.184785,0.0132476
935.198,0.206444,0.013169
938.938,0.238062,0.0129571
942.694,0.278243,0.0122584
946.465,0.305062,0.0127649
950.251,0.341944,0.0134789
954.052,0.377769,0.0143628
957.868,0.4367,0.0144429
961.7,0.507567,0.0148824
965.546,0.575204,0.014487
969.408,0.585841,0.0143023
973.286,0.521708,0.0142254
977.179,0.440915,0.0152065
981.088,0.413777,0.0156674
985.012,0.440131,0.0159678
988.952,0.48977,0.0162361
992.908,0.566038,0.0168029
996.88,0.695271,0.01714
1000.87,0.901469,0.0178512
1004.87,1.14264,0.0185275
1008.89,1.28371,0.0195244
1012.93,1.19261,0.0191236
1016.98,0.881188,0.0183128
1021.05,0.53908,0.0171908
1025.13,0.327091,0.0165745
1029.23,0.249707,0.0162085
1033.35,0.205457,0.0161745
1037.48,0.209916,0.0153287
1041.63,0.220461,0.0148849
1045.8,0.24136,0.0144421
1049.98,0.217026,0.0147286
1054.18,0.194558,0.0147671
1058.4,0.186859,0.0139059
1062.63,0.164294,0.0147089
1066.88,0.147435,0.0153443
1071.15,0.12477,0.0157458
1075.43,0.157033,0.0146197
1079.73,0.178828,0.0135365
1084.05,0.190051,0.0141396
1088.39,0.169852,0.0149085
1092.74,0.169223,0.0154783
1097.11,0.179545,0.0159503
1101.5,0.198858,0.0163335
1105.91,0.217732,0.0164258
1110.33,0.247371,0.0157133
1114.77,0.278083,0.0157437
1119.23,0.319727,0.015804
1123.71,0.35852,0.0164515
1128.2,0.367598,0.0178916
1132.72,0.376391,0.0178496
1137.25,0.356927,0.0177764
1141.8,0.315645,0.0174399
1146.36,0.264134,0.0178909
1150.95,0.222517,0.0182648
1155.55,0.23097,0.0171374
1160.18,0.236101,0.0173651
1164.82,0.273558,0.0172901
1169.48,0.329387,0.0179229
1174.15,0.384702,0.0181838
1178.85,0.421255,0.0182088
1183.57,0.431327,0.018673
1188.3,0.422983,0.0190843
1193.05,0.444107,0.0202467
1197.83,0.504,0.0211716
1202.62,0.638894,0.0223452
1207.43,0.842851,0.0231457
1212.26,1.00412,0.0237185
1217.11,1.04497,0.0237147
1221.97,0.855073,0.0227831
1226.86,0.6071,0.0214316
1231.77,0.393095,0.0201878
1236.7,0.310703,0.0187832
1241.64,0.269857,0.0186448
1246.61,0.290539,0.0170838
1251.6,0.27004,0.0187032
1256.6,0.295022,0.0185564
1261.63,0.274535,0.0191966
1266.68,0.303798,0.0173495
1271.74,0.295311,0.0172624
1276.83,0.267345,0.0183962
1281.94,0.231633,0.0197942
1287.06,0.224046,0.0196957
1292.21,0.256602,0.0182089
1297.38,0.301602,0.0172735
1302.57,0.318728,0.01838
1307.78,0.360591,0.0194401
1313.01,0.371594,0.0218751
1318.26,0.447566,0.0217428
1323.54,0.489896,0.0219632
1328.83,0.499558,0.0210591
1334.15,0.40916,0.0221594
1339.48,0.326546,0.0222233
1344.84,0.296737,0.0217075
1350.22,0.324516,0.0204199
1355.62,0.334803,0.0207889
1361.04,0.359724,0.020353
1366.49,0.343506,0.0223692
1371.95,0.323146,0.0230088
1377.44,0.293303,0.0225696
1382.95,0.284988,0.0206996
1388.48,0.270581,0.0198593
1394.04,0.277715,0.0210779
1399.61,0.316849,0.0216506
1405.21,0.351853,0.0224885
1410.83,0.397595,0.0235347
1416.48,0.414758,0.02401
1422.14,0.403921,0.0250028
1427.83,0.336452,0.0246581
1433.54,0.252924,0.0250413
1439.28,0.208046,0.0243026
1445.03,0.227006,0.0233591
1450.81,0.241914,0.0239241
1456.62,0.290791,0.0241002
1462.44,0.278545,0.0247875
1468.29,0.31601,0.0225141
1474.17,0.296917,0.0224152
1480.06,0.306735,0.021485
1485.98,0.271263,0.0222919
1491.93,0.25621,0.0215424
1497.9,0.236164,0.0223557
1503.89,0.225245,0.0227522
1509.9,0.210339,0.0239672
1515.94,0.18284,0.0246207
1522.01,0.169682,0.024292
1528.09,0.139356,0.0236838
1534.21,0.138707,0.0242278
1540.34,0.164793,0.0239452
1546.5,0.199193,0.0243746
1552.69,0.222244,0.0233392
1558.9,0.227447,0.0232081
1565.14,0.232358,0.0223639
1571.4,0.226808,0.0220391
1577.68,0.226698,0.021262
1583.99,0.211359,0.0217485
1590.33,0.19125,0.0226899
1596.69,0.174213,0.024213
1603.08,0.175063,0.0248034
1609.69,0.194292,0.0249066
1616.34,0.183465,0.0254485
1622.8,0.188983,0.0246896
1629.29,0.172616,0.0252199
1635.81,0.187344,0.023471
1642.35,0.206936,0.0222149
1648.92,0.21019,0.0196725
1655.52,0.209704,0.019802
1662.14,0.186723,0.020852
1668.79,0.171106,0.023574
1675.46,0.13163,0.0260587
1682.16,0.131888,0.0272234
1688.89,0.156036,0.0263731
1695.65,0.171214,0.0253013
1702.43,0.172909,0.0254317
1709.24,0.164929,0.0253585
1716.08,0.151838,0.0273874
1722.94,0.126537,0.0269765
1729.83,0.090405,0.0280238
1736.75,0.0853842,0.0272847
1743.7,0.111202,0.0279823
1750.68,0.13614,0.0274086
1757.68,0.140464,0.0267755
1764.71,0.128335,0.0269964
1771.77,0.121023,0.0275422
1778.85,0.0838724,0.0294518
1785.97,0.0860839,0.0292897
1793.11,0.0942531,0.0291152
1800.29,0.119708,0.028809
1807.49,0.113463,0.0292103
1814.72,0.134506,0.0293539
1821.98,0.186836,0.0272674
1829.26,0.192659,0.0288617
1836.58,0.210425,0.0287618
1843.93,0.20921,0.02961
1851.3,0.189648,0.0291688
1858.71,0.155584,0.0289417
1866.14,0.124423,0.0290437
1873.61,0.143032,0.0279852
1881.1,0.147986,0.0296462
1888.63,0.173869,0.0295154
1896.18,0.195356,0.0281458
1903.77,0.191038,0.0252966
1911.38,0.172406,0.0249284
1919.03,0.135257,0.0276109
1926.7,0.137842,0.0288796
1934.41,0.142521,0.0289342
1942.15,0.147852,0.0283026
1949.92,0.157789,0.0272444
1957.72,0.131636,0.0289315
1965.55,0.134352,0.0292407
1973.41,0.0875456,0.0315883
1981.3,0.113776,0.0302048
1989.23,0.134536,0.0289314
1997.18,0.144955,0.0291181
2005.17,0.142939,0.0289424
2013.19,0.137062,0.0290349
2021.25,0.176334,0.0259852
2029.33,0.173723,0.0277923
2037.45,0.14194,0.031811
2045.6,0.129786,0.0351185
2053.78,0.129774,0.0335544
2062,0.161205,0.0296218
2070.24,0.151378,0.0269896
2078.53,0.121095,0.0299999
2086.84,0.110682,0.0303436
2095.19,0.0877535,0.032555
2103.57,0.135539,0.0293858
2111.98,0.123446,0.031701
2120.43,0.110747,0.0350852
2128.91,0.0848203,0.036472
2137.43,0.0831481,0.0370309
2145.98,0.13253,0.0355476
2154.56,0.158676,0.0344572
2163.18,0.145296,0.0343318
2171.83,0.133179,0.0323928
2180.52,0.101381,0.0367928
2189.24,0.11368,0.0373489
2198,0.093024,0.0370009
2206.79,0.0951558,0.0361643
2215.62,0.102799,0.0342655
2224.48,0.136961,0.0344145
2233.38,0.148085,0.0324247
2242.31,0.164304,0.0318295
2251.28,0.116716,0.0347876
2260.29,0.101396,0.0353162
2269.33,0.0896691,0.0363202
2278.4,0.126168,0.0327314
2287.52,0.135982,0.0317711
2296.67,0.129604,0.0303722
2305.85,0.150707,0.0288853
2315.08,0.160276,0.030814
2324.34,0.151176,0.0401342
2333.64,0.125497,0.0484552
2342.97,0.127358,0.0474167
2352.34,0.16268,0.0407183
2361.75,0.174909,0.0329551
2371.2,0.172309,0.0337288
2380.68,0.151484,0.0330106
2390.21,0.16102,0.0327531
2399.77,0.154909,0.0323824
2409.37,0.188308,0.0327097
2419,0.190183,0.0345048
2428.68,0.176552,0.0358984
2438.39,0.155347,0.0367339
2448.15,0.0939678,0.0511549
2457.94,0.102477,0.0505134
2467.77,0.09768,0.050706
2477.64,0.137658,0.0346724
2487.55,0.134762,0.0352017
2497.5,0.144428,0.0342677
2507.49,0.0904565,0.0371297
2517.52,0.0890889,0.0376466
2527.59,0.0831646,0.038312
2537.7,0.130424,0.0361684
2547.85,0.166598,0.0342895
2558.05,0.175449,0.0332622
2568.28,0.166544,0.0339196
2578.55,0.119049,0.0464726
2588.87,0.0835235,0.0492283
2599.22,0.0794006,0.0496159
2609.62,0.133238,0.0388871
2620.06,0.166497,0.0366144
2630.54,0.206515,0.0344199
2641.06,0.181848,0.0359677
2651.62,0.143232,0.0356349
2662.23,0.148353,0.0367765
2672.88,0.165804,0.0336592
2683.57,0.190429,0.0340147
2694.3,0.149594,0.0344426
2705.08,0.13638,0.035951
2715.9,0.151779,0.0351214
2726.77,0.189673,0.0325765
2737.67,0.176936,0.0333105
2748.62,0.149518,0.0358188
2759.62,0.0674135,0.0422907
2770.66,0.0504769,0.043696
2781.74,0.0422017,0.0440376
2792.87,0.0898355,0.0417301
2804.04,0.116622,0.0416103
2815.25,0.121501,0.0397095
2826.51,0.112019,0.0381867
2837.82,0.0626988,0.0409821
2849.17,0.0767688,0.0415933
2860.57,0.0958748,0.0415959
2872.01,0.11185,0.0386339
2883.5,0.0932689,0.0396468
2895.03,0.120642,0.0395758
2906.61,0.138748,0.0395502
2918.24,0.149332,0.0394492
2929.91,0.0923891,0.0407778
2941.63,0.0954449,0.0400274
2953.4,0.0879218,0.0391349
2965.21,0.0890563,0.0392092
2977.07,0.103337,0.0402866
2988.98,0.134327,0.0416145
3000.94,0.180144,0.039776
3012.94,0.1693,0.0409212
3024.99,0.130806,0.0445025
3037.09,0.182473,0.0452116
3049.24,0.243747,0.0484208
3061.44,0.321933,0.0465328
3073.68,0.2925,0.0495278
3085.98,0.307873,0.0469386
3098.32,0.303542,0.046755
3110.72,0.328243,0.0455688
3123.16,0.27804,0.0441997
3135.65,0.285752,0.0430102
3148.19,0.250771,0.0408907
3160.79,0.220735,0.0496683
3173.43,0.171581,0.0530892
3186.12,0.105477,0.0561345
3198.87,0.0900871,0.0506082
3211.66,0.0724366,0.0473491
3224.51,0.102089,0.0454427
3237.41,0.115228,0.0450835
3250.36,0.104539,0.0529693
3263.36,0.0975281,0.0546342
3276.41,0.106357,0.0539084
3289.52,0.121035,0.0448715
3302.68,0.151364,0.0442215
3315.89,0.147569,0.0430938
3329.15,0.120729,0.045828
3342.47,0.0855316,0.0467532
3355.84,0.0671103,0.0495161
3369.26,0.0597035,0.0516603
3382.74,0.0530861,0.0509008
3396.27,0.0422455,0.0514356
3409.85,0.0547876,0.0511664
3423.49,0.0582236,0.0499532
3437.19,0.0610226,0.0476997
3450.94,0.0938234,0.0465698
3464.74,0.0724888,0.0473362
3478.6,0.0652439,0.0492531
3492.51,0.012203,0.0651954
3506.48,0.0796213,0.0636413
3520.51,0.0816153,0.0675634
3534.59,0.123915,0.0518111
3548.73,0.0809274,0.0551963
3562.92,0.0699348,0.0505555
3577.18,0.0750654,0.0519146
3591.48,0.0880982,0.0519543
3605.85,0.0888033,0.0534988
3620.27,0.0288471,0.0544832
3634.75,0.0164268,0.05417
3649.29,0.0507324,0.0521605
3663.89,0.0757559,0.0521432
3678.55,0.0543563,0.0538427
3693.26,0.0504,0.0532897
3708.03,0.0756309,0.0507211
3722.87,0.0801298,0.0527018
3737.76,0.0663155,0.053849
3752.71,0.0230893,0.0595308
3767.72,0.0400713,0.0562781
3782.79,0.0102321,0.0603599
3797.92,0.0942912,0.0521732
3813.11,0.123366,0.0498081
3828.37,0.177885,0.0401932
3843.68,0.0543576,0.0500725
3859.05,0.0607467,0.0515199
3874.49,0.0517471,0.058996
3889.99,0.108514,0.0602034
3905.55,0.0114274,0.0674195
3921.17,-0.0397253,0.0659886
3936.85,-0.0138218,0.0606317
3952.6,0.0279169,0.0546057
3968.41,-0.0211773,0.0579665
3984.29,-0.0243187,0.0591145
4000.22,0.00235041,0.0620689
4016.22,0.0465487,0.0631187
4032.29,-0.015416,0.0679117
4048.42,-0.0412881,0.0666407
4064.61,-0.00136908,0.0676191
4080.87,0.0449365,0.066405
4097.19,0.0510249,0.0678462
4113.58,0.0113529,0.0688093
4130.04,0.0226563,0.0658798
4146.56,0.0754718,0.0641562
4163.14,0.154604,0.0565845
4179.8,0.150845,0.0600421
4196.51,0.127302,0.0567378
4213.3,0.126611,0.0545497
4230.15,0.157903,0.0556979
4247.07,0.14359,0.0597081
4264.06,0.104627,0.0650844
4281.12,0.0444352,0.0667661
4298.24,0.0154167,0.0672341
4315.44,0.0381903,0.0668403
4332.7,0.0608315,0.0597809
4350.03,-0.00462519,0.0682008
4367.43,-0.00691816,0.0687659
4384.9,0.0321335,0.0699153
4402.44,0.0885314,0.0661504
4420.05,0.0574298,0.0679824
4437.73,0.00215655,0.0697155
4455.48,0.0126498,0.066601
4473.3,0.0370298,0.0643697
4491.19,0.0410613,0.0871711
4509.16,0.114831,0.0839848
4527.2,0.135594,0.0827784
4545.31,0.171312,0.0599092
4563.49,0.0922097,0.0674329
4581.74,0.0298972,0.0701607
4600.07,-0.0238632,0.0731806
4618.47,-0.0772877,0.0745273
4636.94,-0.0310782,0.0697397
4655.49,-0.00566166,0.0656907
4674.11,0.0377806,0.0819359
4692.81,0.0669454,0.080453
4711.58,-0.0242116,0.0919957
4730.43,-0.0047667,0.075883
4749.35,-0.0801538,0.0840142
4768.34,0.0272695,0.0678065
4787.42,0.0612846,0.0625847
4806.57,0.0590431,0.0627139
4825.79,0.0943105,0.0651956
4845.1,0.0703066,0.0699309
4864.48,0.0760156,0.0729429
4883.93,0.00226907,0.0796146
4903.47,0.023703,0.078728
4923.08,0.0477393,0.0788396
4942.78,0.0425977,0.0772016
4962.55,-0.00366156,0.0794149
4982.4,-0.0736604,0.0797767
5002.33,-0.0223521,0.0771428
5022.34,-0.0485737,0.103159
5042.43,0.0220922,0.0992892
5062.6,-0.0305662,0.103361
5082.85,-0.0478276,0.102975
5103.18,-0.0836253,0.102719
5123.59,-0.129977,0.105375
5144.08,-0.0903034,0.0965577
5164.66,-0.0928255,0.10016
5185.32,-0.0171535,0.0953475
5206.06,-0.0295126,0.10143
5226.89,-0.0185666,0.11126
5247.79,-0.0143132,0.111824
5268.78,0.071392,0.0920693
5289.86,0.0410134,0.0808842
5311.02,0.0484398,0.078348
5332.26,0.0140151,0.0833147
5353.59,0.0189859,0.0846997
5375.01,0.0280572,0.0856611
5396.51,0.0514115,0.0751787
5418.09,0.0670712,0.0712076
5439.76,0.0986752,0.0682453
5461.52,0.0749614,0.0967691
5483.37,0.0692886,0.108195
5505.3,0.0420564,0.107586
5527.32,0.0898154,0.0857308
5549.43,0.0843809,0.0745088
5571.63,0.0423655,0.0844005
5593.92,-0.0167031,0.088993
5616.29,-0.0674078,0.0957221
5638.76,-0.0726649,0.0973507
5661.31,0.0156202,0.0953797
5683.96,0.126035,0.0862367
5706.7,0.104968,0.0800596
5729.52,0.0760982,0.079583
5752.44,0.124836,0.0763763
5775.45,0.174433,0.0812672
5798.55,0.116042,0.0837147
5821.75,0.0488104,0.091365
5845.03,0.0919322,0.0882683
5868.41,0.0872523,0.0871337
5891.89,-0.0437003,0.0957752
5915.45,-0.0801618,0.0963646
5939.12,-0.0901643,0.104596
5962.87,0.0812278,0.0938187
5986.72,0.0614446,0.0989271
6010.67,0.0221314,0.102109
6034.71,0.0570614,0.101262
6058.85,0.000569177,0.104595
6083.09,0.125566,0.0889719
6107.42,0.11136,0.0882922
6131.85,0.0666485,0.0949586
6156.38,-0.0835801,0.107483
6181,-0.178681,0.114807
6205.73,-0.0629172,0.102317
6230.55,-0.0