1,0
2.00E+00,0.00E+00
3.00E+00,1.20E-06
4.00E+00,6.30E-06
5.00E+00,3.60E-05
6.00E+00,1.83E-04
7.00E+00,8.05E-04
8.00E+00,3.07E-03
9.00E+00,1.02E-02
1.00E+01,2.94E-02
1.10E+01,7.39E-02
1.20E+01,1.63E-01
1.30E+01,3.14E-01
1.40E+01,5.35E-01
1.50E+01,8.08E-01
1.60E+01,1.10E+00
1.70E+01,1.36E+00
18,1.57E+00
19,1.73E+00
20,1.88E+00
21,2.06E+00
22,2.28E+00
23,2.56E+00
24,2.89E+00
25,3.22E+00
26,3.52E+00
27,3.74E+00
28,3.87E+00
29,3.95E+00
30,4.01E+00
31,4.09E+00
32,4.21E+00
33,4.36E+00
34,4.52E+00
35,4.69267
36,4.85194
37,4.99267
38,5.10368
39,5.17898
40,5.22919
41,5.2854
42,5.3875
43,5.5621
44,5.80408
45,6.07321
46,6.3078
47,6.44938
48,6.46811
49,6.37653
50,6.22254
51,6.06409
52,5.94065
53,5.85849
54,5.79618
55,5.72371
56,5.62431
57,5.50959
58,5.42049
59,5.4109
60,5.52039
61,5.7525
62,6.07231
63,6.42263
64,6.74532
65,6.99641
66,7.15378
67,7.22011
68,7.21985
69,7.18625
70,7.14165
71,7.08408
72,6.9931
73,6.85353
74,6.68007
75,6.52292
76,6.44817
77,6.50467
78,6.69681
79,6.9787
80,7.27333
81,7.50787
82,7.64678
83,7.70479
84,7.73386
85,7.79465
86,7.93111
87,8.15907
88,8.46748
89,8.82491
90,9.18802
91,9.51345
92,9.77259
93,9.96236
94,10.10293
95,10.22064
96,10.32707
97,10.41082
98,10.44963
99,10.43249
100,10.37111
101,10.28928
102,10.1993
103,10.08632
104,9.91391
105,9.64541
106,9.26392
107,8.77823
108,8.21598
109,7.61494
110,7.02046
111,6.48667
112,6.07219
113,5.82453
114,5.75926
115,5.84852
116,6.03088
117,6.24126
118,6.44483
119,6.65352
120,6.91233
121,7.26171
122,7.69904
123,8.16484
124,8.56423
125,8.81151
126,8.8719
127,8.77776
128,8.61421
129,8.4857
130,8.48221
131,8.65898
132,9.03352
133,9.59376
134,10.30624
135,11.11624
136,11.94005
137,12.65974
138,13.13253
139,13.21906
140,12.82258
141,11.92283
142,10.59013
143,8.97406
144,7.27034
145,5.6766
146,4.35031
147,3.38129
148,2.78587
149,2.52184
150,2.51585
151,2.69142
152,2.98768
153,3.36444
154,3.7951
155,4.25374
156,4.70396
157,5.09591
158,5.37375
159,5.49103
160,5.42778
161,5.2029
162,4.87801
163,4.55256
164,4.35202
165,4.41086
166,4.8507
167,5.75482
168,7.14296
169,8.95376
170,11.04263
171,13.19922
172,15.18276
173,16.76749
174,17.78693
175,18.16483
176,17.92317
177,17.16333
178,16.02666
179,14.6498
180,13.13372
181,11.53858
182,9.90203
183,8.26568
184,6.69104
185,5.25534
186,4.03132
187,3.06465
188,2.3619
189,1.89387
190,1.60993
191,1.45496
192,1.38212
193,1.35879
194,1.36705
195,1.40105
196,1.46368
197,1.56296
198,1.70836
199,1.90664
200,2.15768
201,2.45145
202,2.7676
203,3.07823
204,3.35349
205,3.56793
206,3.70544
207,3.76106
208,3.7396
209,3.65216
210,3.51233
211,3.33345
212,3.1278
213,2.90771
214,2.68762
215,2.4862
216,2.32665
217,2.23411
218,2.22984
219,2.3235
220,2.506
221,2.74646
222,2.99576
223,3.19711
224,3.30079
225,3.27802
226,3.12858
227,2.87915
228,2.57353
229,2.25898
230,1.97416
231,1.74243
232,1.57126
233,1.45634
234,1.38735
235,1.35347
236,1.34755
237,1.36902
238,1.42622
239,1.5383
240,1.73599
241,2.05972
242,2.55285
243,3.24894
244,4.15472
245,5.23382
246,6.39935
247,7.52257
248,8.45949
249,9.08915
250,9.35002
251,9.25954
252,8.90801
253,8.42858
254,7.95526
255,7.58463
256,7.35441
257,7.24358
258,7.1907
259,7.12142
260,6.97462
261,6.71927
262,6.35834
263,5.92119
264,5.44962
265,4.98407
266,4.55524
267,4.18293
268,3.87996
269,3.65725
270,3.52582
271,3.49441
272,3.5641
273,3.72344
274,3.94698
275,4.19838
276,4.43677
277,4.6235
278,4.72719
279,4.72647
280,4.6112
281,4.38328
282,4.05713
283,3.65908
284,3.22421
285,2.79088
286,2.39385
287,2.05851
288,1.79786
289,1.61294
290,1.49589
291,1.43396
292,1.41329
293,1.42124
294,1.44765
295,1.48509
296,1.52885
297,1.57699
298,1.63066
299,1.69444
300,1.77647
301,1.88785
302,2.04087
303,2.24599
304,2.50783
305,2.82116
306,3.16855
307,3.52107
308,3.84289
309,4.09914
310,4.26492
311,4.33228
312,4.3125
313,4.23254
314,4.12637
315,4.02442
316,3.94445
317,3.88701
318,3.8368
319,3.76916
320,3.65919
321,3.49048
322,3.2605
323,2.98124
324,2.67557
325,2.37082
326,2.09206
327,1.85717
328,1.67468
329,1.54438
330,1.45972
331,1.41101
332,1.38819
333,1.38275
334,1.38877
335,1.40299
336,1.42453
337,1.45429
338,1.49447
339,1.54817
340,1.61925
341,1.71226
342,1.83231
343,1.98461
344,2.17336
345,2.39995
346,2.66071
347,2.94485
348,3.23348
349,3.50064
350,3.71682
351,3.85432
352,3.89326
353,3.82631
354,3.66058
355,3.41597
356,3.1206
357,2.80469
358,2.49505
359,2.2113
360,1.96455
361,1.7583
362,1.59052
363,1.45618
364,1.34941
365,1.26509
366,1.19982
367,1.15229
368,1.12339
369,1.11594
370,1.13412
371,1.18246
372,1.26454
373,1.38143
374,1.53019
375,1.70302
376,1.88756
377,2.06852
378,2.23081
379,2.3631
380,2.46111
381,2.52906
382,2.57871
383,2.6259
384,2.6854
385,2.76569
386,2.86539
387,2.97243
388,3.0664
389,3.12347
390,3.12231
391,3.04949
392,2.90275
393,2.6914
394,2.43408
395,2.15454
396,1.87681
397,1.62113
398,1.40128
399,1.22388
400,1.08913
401,0.99268
402,0.9277
403,0.88673
404,0.86304
405,0.85137
406,0.8482
407,0.85178
408,0.86196
409,0.87997
410,0.90811
411,0.94934
412,1.00669
413,1.08261
414,1.17831
415,1.29319
416,1.42463
417,1.56818
418,1.71819
419,1.86873
420,2.01466
421,2.15245
422,2.28056
423,2.39937
424,2.51046
425,2.61574
426,2.71648
427,2.81268
428,2.90278
429,2.98383
430,3.05197
431,3.10316
432,3.13401
433,3.14267
434,3.12974
435,3.09908
436,3.05821
437,3.01815
438,2.99217
439,2.99357
440,3.03254
441,3.11279
442,3.22897
443,3.3657
444,3.49908
445,3.60052
446,3.64232
447,3.6035
448,3.47439
449,3.25875
450,2.97275
451,2.64135
452,2.29317
453,1.95518
454,1.64862
455,1.3868
456,1.17496
457,1.01162
458,0.89087
459,0.80469
460,0.74495
461,0.70481
462,0.67953
463,0.66672
464,0.66648
465,0.68124
466,0.71559
467,0.7759
468,0.86962
469,1.0042
470,1.18555
471,1.41607
472,1.69267
473,2.00526
474,2.33615
475,2.66103
476,2.95149
477,3.17905
478,3.31972
479,3.35827
480,3.29107
481,3.12682
482,2.88484
483,2.59166
484,2.27642
485,1.96653
486,1.68426
487,1.44487
488,1.25634
489,1.12037
490,1.03399
491,0.99136
492,0.98529
493,1.0083
494,1.05328
495,1.11391
496,1.18491
497,1.26231
498,1.34372
499,1.42843
500,1.51733
501,1.61241
502,1.716
503,1.82966
504,1.95312
505,2.0835
506,2.21501
507,2.33929
508,2.44647
509,2.5266
510,2.57121
511,2.57474
512,2.53539
513,2.45536
514,2.34043
515,2.19899
516,2.0408
517,1.87573
518,1.71267
519,1.55873
520,1.41894
521,1.29617
522,1.19148
523,1.1045
524,1.03403
525,0.97846
526,0.9362
527,0.90595
528,0.8868
529,0.87826
530,0.88007
531,0.89201
532,0.91358
533,0.94372
534,0.98069
535,1.02196
536,1.06448
537,1.10503
538,1.14078
539,1.16988
540,1.19187
541,1.20786
542,1.22032
543,1.23249
544,1.24754
545,1.26765
546,1.29327
547,1.32279
548,1.3526
549,1.37779
550,1.39308
551,1.39392
552,1.37742
553,1.34294
554,1.29219
555,1.22886
556,1.15787
557,1.08452
558,1.01368
559,0.94914
560,0.89336
561,0.84742
562,0.81123
563,0.78387
564,0.76394
565,0.7499
566,0.74023
567,0.73359
568,0.7289
569,0.7253
570,0.72218
571,0.71914
572,0.71594
573,0.71254
574,0.709
575,0.70548
576,0.70217
577,0.69929
578,0.69699
579,0.69537
580,0.69443
581,0.69411
582,0.69425
583,0.69469
584,0.69527
585,0.69593
586,0.69676
587,0.69809
588,0.70057
589,0.70518
590,0.71326
591,0.7264
592,0.74634
593,0.77474
594,0.8129
595,0.86145
596,0.92011
597,0.98752
598,1.06122
599,1.1378
600,1.21328
601,1.2836
602,1.34513
603,1.39517
604,1.43218
605,1.45585
606,1.4669
607,1.46665
608,1.45661
609,1.43808
610,1.41188
611,1.37837
612,1.33766
613,1.28981
614,1.23525
615,1.17492
616,1.11037
617,1.04364
618,0.97705
619,0.91289
620,0.85317
621,0.7994
622,0.7525
623,0.71281
624,0.68014
625,0.65399
626,0.63358
627,0.61808
628,0.60668
629,0.59866
630,0.59349
631,0.59086
632,0.59066
633,0.59309
634,0.59858
635,0.60779
636,0.62158
637,0.64089
638,0.66662
639,0.69942
640,0.73951
641,0.78649
642,0.83913
643,0.89535
644,0.95222
645,1.00619
646,1.0534
647,1.09011
648,1.11317
649,1.12045
650,1.1111
651,1.0857
652,1.04612
653,0.99529
654,0.93675
655,0.87424
656,0.81125
657,0.75071
658,0.69478
659,0.64482
660,0.60141
661,0.56456
662,0.53384
663,0.50859
664,0.48803
665,0.47143
666,0.45812
667,0.44754
668,0.43928
669,0.43305
670,0.42874
671,0.42638
672,0.42621
673,0.42866
674,0.43435
675,0.44407
676,0.4587
677,0.47915
678,0.5062
679,0.54039
680,0.58189
681,0.63035
682,0.68489
683,0.74406
684,0.80593
685,0.8683
686,0.92886
687,0.9856
688,1.03708
689,1.08283
690,1.12374
691,1.16239
692,1.20331
693,1.25314
694,1.32067
695,1.41659
696,1.55298
697,1.74248
698,1.99715
699,2.32701
700,2.73849
701,3.23286
702,3.80495
703,4.44242
704,5.12565
705,5.82862
706,6.52055
707,7.16828
708,7.73925
709,8.20441
710,8.54104
711,8.73475
712,8.78076
713,8.68396
714,8.45814
715,8.1243
716,7.70852
717,7.23956
718,6.74662
719,6.25734
720,5.7963
721,5.38382
722,5.03527
723,4.76052
724,4.56367
725,4.44297
726,4.39091
727,4.39472
728,4.43724
729,4.49822
730,4.55614
731,4.59019
732,4.58244
733,4.51961
734,4.39447
735,4.20638
736,3.96109
737,3.66972
738,3.34712
739,3.00997
740,2.6748
741,2.35633
742,2.06625
743,1.81258
744,1.59956
745,1.42802
746,1.29606
747,1.19992
748,1.13477
749,1.09547
750,1.0772
751,1.07585
752,1.08836
753,1.11281
754,1.14856
755,1.19623
756,1.25766
757,1.33578
758,1.43437
759,1.55778
760,1.71036
761,1.89591
762,2.1169
763,2.37375
764,2.6641
765,2.98232
766,3.31928
767,3.66257
768,3.99713
769,4.30633
770,4.57336
771,4.78286
772,4.92244
773,4.98392
774,4.96429
775,4.86587
776,4.69611
777,4.46669
778,4.1923
779,3.88921
780,3.57385
781,3.26153
782,2.96555
783,2.69665
784,2.46287
785,2.26972
786,2.12062
787,2.01743
788,1.961
789,1.95158
790,1.98915
791,2.07339
792,2.20361
793,2.37832
794,2.59482
795,2.84863
796,3.13313
797,3.43925
798,3.75558
799,4.06869
800,4.36388
801,4.62618
802,4.8416
803,4.99835
804,5.08798
805,5.10619
806,5.05329
807,4.9341
808,4.7574
809,4.53503
810,4.28065
811,4.00846
812,3.73203
813,3.46322
814,3.21159
815,2.984
816,2.78467
817,2.61547
818,2.4764
819,2.36617
820,2.28287
821,2.22446
822,2.18929
823,2.17635
824,2.18551
825,2.21754
826,2.27401
827,2.35703
828,2.46897
829,2.61193
830,2.7873
831,2.99523
832,3.23409
833,3.5002
834,3.78759
835,4.0881
836,4.39181
837,4.68763
838,4.96426
839,5.21121
840,5.41987
841,5.58443
842,5.70245
843,5.77516
844,5.80718
845,5.80592
846,5.78058
847,5.74096
848,5.69633
849,5.65433
850,5.6203
851,5.5969
852,5.58419
853,5.58004
854,5.58079
855,5.58206
856,5.57947
857,5.56932
858,5.54896
859,5.517
860,5.47326
861,5.41855
862,5.35438
863,5.28268
864,5.20553
865,5.12496
866,5.04288
867,4.96103
868,4.88095
869,4.80403
870,4.73142
871,4.66396
872,4.60216
873,4.54601
874,4.495
875,4.44804
876,4.40358
877,4.35968
878,4.3142
879,4.26502
880,4.21022
881,4.14829
882,4.07822
883,3.99958
884,3.9125
885,3.81763
886,3.71607
887,3.60917
888,3.49853
889,3.38582
890,3.27273
891,3.16094
892,3.05209
893,2.94773
894,2.84936
895,2.7584
896,2.6762
897,2.60399
898,2.54291
899,2.49395
900,2.45802
901,2.43591
902,2.42835
903,2.43606
904,2.45978
905,2.50032
906,2.55858
907,2.63545
908,2.7318
909,2.84825
910,2.98503
911,3.14177
912,3.31722
913,3.50919
914,3.71441
915,3.92863
916,4.1468
917,4.36336
918,4.57271
919,4.76963
920,4.94974
921,5.10986
922,5.24816
923,5.36419
924,5.45866
925,5.53305
926,5.58909
927,5.6283
928,5.65149
929,5.65845
930,5.64794
931,5.61777
932,5.56518
933,5.48738
934,5.38211
935,5.24818
936,5.08591
937,4.89736
938,4.68632
939,4.45809
940,4.21911
941,3.97637
942,3.73692
943,3.50728
944,3.29304
945,3.09856
946,2.92681
947,2.77943
948,2.65683
949,2.55838
950,2.48272
951,2.42796
952,2.3919
953,2.37223
954,2.36659
955,2.37269
956,2.38824
957,2.41105
958,2.43897
959,2.4699
960,2.50185
961,2.533
962,2.56177
963,2.58694
964,2.60772
965,2.62382
966,2.63554
967,2.6437
968,2.64961
969,2.65498
970,2.6617
971,2.67175
972,2.68693
973,2.70877
974,2.73837
975,2.77633
976,2.82281
977,2.87754
978,2.93999
979,3.00951
980,3.08549
981,3.16751
982,3.2554
983,3.34923
984,3.44925
985,3.55566
986,3.66842
987,3.78693
988,3.90981
989,4.0347
990,4.15817
991,4.27579
992,4.38237
993,4.47229
994,4.54004
995,4.58067
996,4.59043
997,4.56716
998,4.51065
999,4.42279
1000,4.3075
1001,4.17049
1002,4.01881
1003,3.86031
1004,3.70301
1005,3.55449
1006,3.42134
1007,3.30875
1008,3.22025
1009,3.15759
1010,3.12083
1011,3.10857
1012,3.1183
1013,3.14678
1014,3.19048
1015,3.24603
1016,3.31047
1017,3.38162
1018,3.45813
1019,3.53953
1020,3.62617
1021,3.71894
1022,3.81912
1023,3.92798
1024,4.04651
1025,4.1751
1026,4.31335
1027,4.45986
1028,4.6122
1029,4.76693
1030,4.91974
1031,5.06565
1032,5.1993
1033,5.31532
1034,5.4086
1035,5.4747
1036,5.5101
1037,5.51243
1038,5.48066
1039,5.41509
1040,5.31736
1041,5.19029
1042,5.03771
1043,4.86418
1044,4.67474
1045,4.47462
1046,4.26896
1047,4.06262
1048,3.85999
1049,3.66483
1050,3.48026
1051,3.30866
1052,3.15174
1053,3.01057
1054,2.88561
1055,2.77686
1056,2.68391
1057,2.60607
1058,2.54249
1059,2.49226
1060,2.45451
1061,2.42854
1062,2.4139
1063,2.41041
1064,2.41826
1065,2.43794
1066,2.47022
1067,2.51605
1068,2.57641
1069,2.65218
1070,2.7439
1071,2.8516
1072,2.97463
1073,3.11147
1074,3.25968
1075,3.41585
1076,3.5757
1077,3.73423
1078,3.88594
1079,4.02521
1080,4.14657
1081,4.24518
1082,4.31709
1083,4.3596
1084,4.37144
1085,4.35288
1086,4.30569
1087,4.23305
1088,4.13922
1089,4.02928
1090,3.90871
1091,3.783
1092,3.6573
1093,3.53605
1094,3.42278
1095,3.31994
1096,3.22885
1097,3.14974
1098,3.08191
1099,3.02388
1100,2.97368
1101,2.92906
1102,2.88781
1103,2.84796
1104,2.808
1105,2.76704
1106,2.72487
1107,2.68202
1108,2.63974
1109,2.59987
1110,2.56479
1111,2.53718
1112,2.51991
1113,2.51577
1114,2.52737
1115,2.55686
1116,2.6058
1117,2.67505
1118,2.76456
1119,2.87337
1120,2.99955
1121,3.14021
1122,3.29155
1123,3.449
1124,3.6074
1125,3.76118
1126,3.90465
1127,4.03228
1128,4.13899
1129,4.22038
1130,4.27304
1131,4.29471
1132,4.28438
1133,4.24238
1134,4.17029
1135,4.0709
1136,3.94795
1137,3.80594
1138,3.64986
1139,3.48489
1140,3.31615
1141,3.14843
1142,2.98603
1143,2.83258
1144,2.69097
1145,2.56332
1146,2.45097
1147,2.35459
1148,2.27426
1149,2.20957
1150,2.15979
1151,2.12395
1152,2.101
1153,2.08989
1154,2.08964
1155,2.09941
1156,2.1185
1157,2.14637
1158,2.1826
1159,2.22684
1160,2.27879
1161,2.3381
1162,2.4043
1163,2.47679
1164,2.5548
1165,2.63732
1166,2.72318
1167,2.81104
1168,2.89948
1169,2.98703
1170,3.07232
1171,3.15411
1172,3.23141
1173,3.30352
1174,3.37012
1175,3.4312
1176,3.48712
1177,3.53855
1178,3.58636
1179,3.6316
1180,3.67534
1181,3.71865
1182,3.76247
1183,3.80754
1184,3.85439
1185,3.90327
1186,3.95412
1187,4.00662
1188,4.06014
1189,4.11383
1190,4.1666
1191,4.21719
1192,4.26421
1193,4.30624
1194,4.3419
1195,4.3699
1196,4.38918
1197,4.399
1198,4.39895
1199,4.38909
1200,4.36991
1201,4.34232
1202,4.30762
1203,4.26737
1204,4.22327
1205,4.17699
1206,4.13004
1207,4.08363
1208,4.03851
1209,3.99496
1210,3.95273
1211,3.91111
1212,3.86899
1213,3.82508
1214,3.778
1215,3.72654
1216,3.66981
1217,3.60742
1218,3.5396
1219,3.4673
1220,3.39215
1221,3.31649
1222,3.24323
1223,3.17574
1224,3.11765
1225,3.07266
1226,3.04437
1227,3.03604
1228,3.05041
1229,3.08958
1230,3.15482
1231,3.24653
1232,3.36413
1233,3.5061
1234,3.66999
1235,3.85246
1236,4.04943
1237,4.25617
1238,4.46753
1239,4.6781
1240,4.88241
1241,5.07516
1242,5.25141
1243,5.40676
1244,5.53753
1245,5.64082
1246,5.71465
1247,5.75795
1248,5.77058
1249,5.75326
1250,5.70752
1251,5.63559
1252,5.54029
1253,5.42493
1254,5.29321
1255,5.14913
1256,4.99688
1257,4.84082
1258,4.68537
1259,4.535
1260,4.39414
1261,4.26715
1262,4.15826
1263,4.07147
1264,4.01049
1265,3.97866
1266,3.9788
1267,4.01317
1268,4.08336
1269,4.19019
1270,4.33367
1271,4.51294
1272,4.72628
1273,4.97108
1274,5.24394
1275,5.54072
1276,5.85664
1277,6.18641
1278,6.52438
1279,6.8647
1280,7.20146
1281,7.52887
1282,7.84137
1283,8.13379
1284,8.40142
1285,8.64008
1286,8.84622
1287,9.01688
1288,9.14975
1289,9.24312
1290,9.29589
1291,9.30757
1292,9.27824
1293,9.20856
1294,9.09977
1295,8.95368
1296,8.77273
1297,8.55991
1298,8.31882
1299,8.0536
1300,7.76885
1301,7.46961
1302,7.16118
1303,6.84899
1304,6.53848
1305,6.2349
1306,5.94312
1307,5.66756
1308,5.41195
1309,5.17933
1310,4.97191
1311,4.79109
1312,4.63749
1313,4.51095
1314,4.41068
1315,4.33532
1316,4.28311
1317,4.25198
1318,4.23971
1319,4.24404
1320,4.26277
1321,4.29385
1322,4.33544
1323,4.38595
1324,4.44408
1325,4.50878
1326,4.57928
1327,4.655
1328,4.73557
1329,4.8207
1330,4.9102
1331,5.00386
1332,5.10142
1333,5.2025
1334,5.30657
1335,5.41288
1336,5.52045
1337,5.62805
1338,5.73422
1339,5.83727
1340,5.93532
1341,6.02638
1342,6.10839
1343,6.17935
1344,6.23738
1345,6.28084
1346,6.30841
1347,6.31919
1348,6.31276
1349,6.28922
1350,6.2492
1351,6.19385
1352,6.12479
1353,6.04402
1354,5.95381
1355,5.85659
1356,5.75483
1357,5.65087
1358,5.54686
1359,5.44459
1360,5.3455
1361,5.25057
1362,5.16036
1363,5.07501
1364,4.9943
1365,4.91775
1366,4.84466
1367,4.77425
1368,4.70572
1369,4.63838
1370,4.57165
1371,4.50517
1372,4.4388
1373,4.37261
1374,4.3069
1375,4.24214
1376,4.1789
1377,4.11786
1378,4.0597
1379,4.00506
1380,3.95449
1381,3.90841
1382,3.86708
1383,3.8306
1384,3.79885
1385,3.77158
1386,3.74838
1387,3.72871
1388,3.71196
1389,3.69747
1390,3.6846
1391,3.67277
1392,3.66145
1393,3.65027
1394,3.63902
1395,3.62765
1396,3.61629
1397,3.60528
1398,3.59513
1399,3.58651
1400,3.58023
1401,3.57723
1402,3.5785
1403,3.58507
1404,3.59797
1405,3.61819
1406,3.64665
1407,3.68416
1408,3.73139
1409,3.78887
1410,3.85695
1411,3.93582
1412,4.02547
1413,4.12573
1414,4.23627
1415,4.35659
1416,4.48606
1417,4.62393
1418,4.76933
1419,4.92132
1420,5.07885
1421,5.24084
1422,5.40616
1423,5.57362
1424,5.74202
1425,5.91012
1426,6.07667
1427,6.24044
1428,6.40016
1429,6.55459
1430,6.70253
1431,6.84282
1432,6.97435
1433,7.09611
1434,7.2072
1435,7.30683
1436,7.39441
1437,7.46948
1438,7.53179
1439,7.58128
1440,7.61811
1441,7.64261
1442,7.65531
1443,7.65689
1444,7.64818
1445,7.6301
1446,7.60365
1447,7.56985
1448,7.5297
1449,7.48418
1450,7.43416
1451,7.38044
1452,7.32365
1453,7.26433
1454,7.20285
1455,7.13944
1456,7.0742
1457,7.00714
1458,6.93813
1459,6.86703
1460,6.79361
1461,6.71767
1462,6.639
1463,6.55746
1464,6.47295
1465,6.38547
1466,6.29512
1467,6.20208
1468,6.10666
1469,6.00927
1470,5.91039
1471,5.81061
1472,5.71054
1473,5.61087
1474,5.51227
1475,5.41543
1476,5.321
1477,5.22961
1478,5.1418
1479,5.05807
1480,4.97883
1481,4.9044
1482,4.83502
1483,4.77087
1484,4.71204
1485,4.65855
1486,4.61039
1487,4.56748
1488,4.52971
1489,4.49697
1490,4.46909
1491,4.44592
1492,4.42731
1493,4.41307
1494,4.40304
1495,4.39705
1496,4.39493
1497,4.39651
1498,4.40162
1499,4.41008
1500,4.42173
1501,4.43639
1502,4.45388
1503,4.47402
1504,4.49664
1505,4.52157
1506,4.54863
1507,4.57764
1508,4.60842
1509,4.6408
1510,4.67456
1511,4.70952
1512,4.74543
1513,4.78205
1514,4.8191
1515,4.8563
1516,4.8933
1517,4.92977
1518,4.96534
1519,4.99964
1520,5.0323
1521,5.06296
1522,5.09129
1523,5.11701
1524,5.13986
1525,5.15968
1526,5.17636
1527,5.18988
1528,5.20031
1529,5.2078
1530,5.21256
1531,5.2149
1532,5.21517
1533,5.21378
1534,5.21117
1535,5.20779
1536,5.20408
1537,5.20049
1538,5.19741
1539,5.1952
1540,5.19416
1541,5.19454
1542,5.19652
1543,5.20022
1544,5.20569
1545,5.21293
1546,5.22191
1547,5.23251
1548,5.24463
1549,5.25811
1550,5.27277
1551,5.28844
1552,5.30491
1553,5.32199
1554,5.33947
1555,5.35716
1556,5.37483
1557,5.39227
1558,5.40925
1559,5.42554
1560,5.44089
1561,5.45504
1562,5.46772
1563,5.47865
1564,5.48753
1565,5.4941
1566,5.49806
1567,5.49915
1568,5.49715
1569,5.49186
1570,5.48313
1571,5.47086
1572,5.45504
1573,5.43571
1574,5.413
1575,5.38713
1576,5.3584
1577,5.32718
1578,5.29393
1579,5.25918
1580,5.22351
1581,5.18756
1582,5.15197
1583,5.11743
1584,5.0846
1585,5.05414
1586,5.02666
1587,5.0027
1588,4.98275
1589,4.9672
1590,4.95633
1591,4.95033
1592,4.94926
1593,4.95304
1594,4.9615
1595,4.97431
1596,4.99105
1597,5.01118
1598,5.03407
1599,5.05902
1600,5.08524
1601,5.11193
1602,5.13825
1603,5.16337
1604,5.18649
1605,5.20685
1606,5.22377
1607,5.23665
1608,5.24499
1609,5.24842
1610,5.24668
1611,5.23966
1612,5.22734
1613,5.20986
1614,5.18745
1615,5.16047
1616,5.12933
1617,5.09453
1618,5.05661
1619,5.01615
1620,4.9737
1621,4.92984
1622,4.88509
1623,4.83994
1624,4.79481
1625,4.75005
1626,4.70595
1627,4.66271
1628,4.62045
1629,4.57924
1630,4.53907
1631,4.49987
1632,4.46153
1633,4.42389
1634,4.38678
1635,4.35002
1636,4.3134
1637,4.27674
1638,4.23988
1639,4.20267
1640,4.16498
1641,4.12673
1642,4.08788
1643,4.04839
1644,4.0083
1645,3.96767
1646,3.92657
1647,3.88513
1648,3.84348
1649,3.80179
1650,3.76024
1651,3.71901
1652,3.67831
1653,3.63832
1654,3.59924
1655,3.56127
1656,3.52458
1657,3.48935
1658,3.45573
1659,3.42386
1660,3.39386
1661,3.36584
1662,3.33988
1663,3.31604
1664,3.29437
1665,3.27489
1666,3.25761
1667,3.24252
1668,3.22959
1669,3.21881
1670,3.21011
1671,3.20345
1672,3.19877
1673,3.19602
1674,3.19514
1675,3.19608
1676,3.1988
1677,3.20326
1678,3.20943
1679,3.2173
1680,3.22685
1681,3.23808
1682,3.25101
1683,3.26565
1684,3.282
1685,3.30008
1686,3.3199
1687,3.34145
1688,3.36473
1689,3.3897
1690,3.41632
1691,3.44451
1692,3.47418
1693,3.50522
1694,3.53748
1695,3.57078
1696,3.60494
1697,3.63973
1698,3.67493
1699,3.71026
1700,3.74548
1701,3.78031
1702,3.81448
1703,3.84773
1704,3.87981
1705,3.91048
1706,3.93955
1707,3.96683
1708,3.99219
1709,4.01553
1710,4.03679
1711,4.05597
1712,4.07309
1713,4.08822
1714,4.10148
1715,4.11302
1716,4.123
1717,4.13161
1718,4.13904
1719,4.1455
1720,4.15115
1721,4.15616
1722,4.16064
1723,4.16468
1724,4.16831
1725,4.1715
1726,4.17416
1727,4.17616
1728,4.1773
1729,4.17732
1730,4.17595
1731,4.17285
1732,4.1677
1733,4.16016
1734,4.1499
1735,4.13661
1736,4.12006
1737,4.10004
1738,4.07642
1739,4.04915
1740,4.01827
1741,3.9839
1742,3.94625
1743,3.90559
1744,3.8623
1745,3.81678
1746,3.76952
1747,3.721
1748,3.67176
1749,3.62232
1750,3.57319
1751,3.52485
1752,3.47776
1753,3.43231
1754,3.38882
1755,3.34759
1756,3.30882
1757,3.27264
1758,3.23913
1759,3.20832
1760,3.18016
1761,3.15456
1762,3.13139
1763,3.11051
1764,3.09171
1765,3.0748
1766,3.05958
1767,3.04582
1768,3.03333
1769,3.02191
1770,3.01137
1771,3.00155
1772,2.9923
1773,2.98349
1774,2.97501
1775,2.96677
1776,2.95869
1777,2.95073
1778,2.94284
1779,2.93498
1780,2.92715
1781,2.91932
1782,2.91148
1783,2.90363
1784,2.89576
1785,2.88788
1786,2.87996
1787,2.872
1788,2.86398
1789,2.8559
1790,2.84774
1791,2.83948
1792,2.83109
1793,2.82258
1794,2.81391
1795,2.80508
1796,2.79608
1797,2.7869
1798,2.77753
1799,2.76799
1800,2.75828
1801,2.7484
1802,2.73837
1803,2.7282
1804,2.71791
1805,2.70752
1806,2.69704
1807,2.68649
1808,2.67588
1809,2.66523
1810,2.65455
1811,2.64386
1812,2.63316
1813,2.62247
1814,2.61179
1815,2.60114
1816,2.59053
1817,2.57996
1818,2.56946
1819,2.55903
1820,2.54869
1821,2.53847
1822,2.52838
1823,2.51844
1824,2.50867
1825,2.49909
1826,2.48974
1827,2.48061
1828,2.47175
1829,2.46317
1830,2.45489
1831,2.44693
1832,2.43931
1833,2.43207
1834,2.42521
1835,2.41878
1836,2.4128
1837,2.40731
1838,2.40236
1839,2.39797
1840,2.39421
1841,2.39113
1842,2.38878
1843,2.38723
1844,2.38653
1845,2.38675
1846,2.38794
1847,2.39014
1848,2.39341
1849,2.39775
1850,2.40319
1851,2.40972
1852,2.41731
1853,2.42591
1854,2.43545
1855,2.44583
1856,2.45694
1857,2.46863
1858,2.48074
1859,2.49307
1860,2.50544
1861,2.51764
1862,2.52946
1863,2.54067
1864,2.55107
1865,2.56047
1866,2.56868
1867,2.57554
1868,2.58092
1869,2.58471
1870,2.58683
1871,2.58725
1872,2.58597
1873,2.583
1874,2.5784
1875,2.57227
1876,2.56472
1877,2.55588
1878,2.54592
1879,2.53499
1880,2.52328
1881,2.51097
1882,2.49824
1883,2.48526
1884,2.4722
1885,2.45922
1886,2.44645
1887,2.43402
1888,2.42204
1889,2.4106
1890,2.39978
1891,2.38962
1892,2.38016
1893,2.37143
1894,2.36343
1895,2.35616
1896,2.3496
1897,2.34372
1898,2.33848
1899,2.33384
1900,2.32976
1901,2.32619
1902,2.32307
1903,2.32036
1904,2.31801
1905,2.31597
1906,2.31421
1907,2.31268
1908,2.31135
1909,2.3102
1910,2.30922
1911,2.30837
1912,2.30767
1913,2.30709
1914,2.30664
1915,2.30631
1916,2.3061
1917,2.30602
1918,2.30605
1919,2.3062
1920,2.30644
1921,2.30677
1922,2.30715
1923,2.30758
1924,2.308
1925,2.30839
1926,2.30871
1927,2.3089
1928,2.30893
1929,2.30876
1930,2.30833
1931,2.30761
1932,2.30656
1933,2.30515
1934,2.30336
1935,2.30118
1936,2.29861
1937,2.29564
1938,2.29229
1939,2.28859
1940,2.28457
1941,2.28025
1942,2.27569
1943,2.27093
1944,2.26602
1945,2.26101
1946,2.25594
1947,2.25086
1948,2.24581
1949,2.24083
1950,2.23594
1951,2.23117
1952,2.22654
1953,2.22204
1954,2.2177
1955,2.2135
1956,2.20943
1957,2.20549
1958,2.20167
1959,2.19795
1960,2.19431
1961,2.19076
1962,2.18727
1963,2.18386
1964,2.18051
1965,2.17723
1966,2.17405
1967,2.17097
1968,2.16803
1969,2.16524
1970,2.16266
1971,2.1603
1972,2.15822
1973,2.15644
1974,2.15502
1975,2.15398
1976,2.15336
1977,2.15319
1978,2.15348
1979,2.15425
1980,2.1555
1981,2.15723
1982,2.15942
1983,2.16206
1984,2.1651
1985,2.1685
1986,2.17223
1987,2.17621
1988,2.1804
1989,2.18472
1990,2.18912
1991,2.19352
1992,2.19785
1993,2.20205
1994,2.20606
1995,2.20982
1996,2.21327
1997,2.21637
1998,2.21908
1999,2.22136
2000,2.22319
2001,2.22455
2002,2.22542
2003,2.2258
2004,2.22568
2005,2.22508
2006,2.224
2007,2.22247
2008,2.2205
2009,2.21811
2010,2.21534
2011,2.21222
2012,2.20879
2013,2.20508
2014,2.20113
2015,2.19699
2016,2.1927
2017,2.18831
2018,2.18387
2019,2.17943
2020,2.17504
2021,2.17074
2022,2.1666
2023,2.16267
2024,2.15901
2025,2.15566
2026,2.15268
2027,2.15012
2028,2.14804
2029,2.14648
2030,2.1455
2031,2.14513
2032,2.14542
2033,2.14641
2034,2.14811
2035,2.15057
2036,2.1538
2037,2.1578
2038,2.16258
2039,2.16813
2040,2.17444
2041,2.18146
2042,2.18917
2043,2.19752
2044,2.20642
2045,2.21583
2046,2.22564
2047,2.23577
2048,2.24611
2049,2.25655
2050,2.26697
2051,2.27724
2052,2.28725
2053,2.29687
2054,2.30598
2055,2.31445
2056,2.32217
2057,2.32905
2058,2.33498
2059,2.3399
2060,2.34373
2061,2.34643
2062,2.34797
2063,2.34834
2064,2.34754
2065,2.3456
2066,2.34257
2067,2.3385
2068,2.33347
2069,2.32757
2070,2.3209
2071,2.31357
2072,2.30569
2073,2.29739
2074,2.28879
2075,2.28
2076,2.27115
2077,2.26235
2078,2.25371
2079,2.24531
2080,2.23725
2081,2.22959
2082,2.2224
2083,2.21573
2084,2.20961
2085,2.20406
2086,2.19911
2087,2.19474
2088,2.19095
2089,2.18773
2090,2.18505
2091,2.18289
2092,2.18121
2093,2.17999
2094,2.17919
2095,2.17877
2096,2.17871
2097,2.17899
2098,2.17957
2099,2.18043
2100,2.18157
2101,2.18298
2102,2.18465
2103,2.18659
2104,2.18881
2105,2.19131
2106,2.19412
2107,2.19726
2108,2.20076
2109,2.20465
2110,2.20894
2111,2.21368
2112,2.21891
2113,2.22464
2114,2.23091
2115,2.23776
2116,2.2452
2117,2.25326
2118,2.26197
2119,2.27135
2120,2.2814
2121,2.29214
2122,2.30358
2123,2.31571
2124,2.32852
2125,2.34202
2126,2.35618
2127,2.37099
2128,2.38641
2129,2.40242
2130,2.41898
2131,2.43605
2132,2.45357
2133,2.47151
2134,2.48981
2135,2.50841
2136,2.52724
2137,2.54626
2138,2.56539
2139,2.58458
2140,2.60376
2141,2.62288
2142,2.64186
2143,2.66066
2144,2.67923
2145,2.6975
2146,2.71543
2147,2.73297
2148,2.75009
2149,2.76673
2150,2.78285
2151,2.79842
2152,2.8134
2153,2.82774
2154,2.84142
2155,2.85437
2156,2.86657
2157,2.87795
2158,2.88849
2159,2.89812
2160,2.9068
2161,2.91447
2162,2.92107
2163,2.92657
2164,2.93091
2165,2.93404
2166,2.93592
2167,2.93652
2168,2.93582
2169,2.9338
2170,2.93044
2171,2.92577
2172,2.91979
2173,2.91255
2174,2.90408
2175,2.89446
2176,2.88374
2177,2.87203
2178,2.85941
2179,2.846
2180,2.83192
2181,2.81728
2182,2.80221
2183,2.78685
2184,2.77132
2185,2.75576
2186,2.74029
2187,2.72503
2188,2.71009
2189,2.69556
2190,2.68155
2191,2.66812
2192,2.65534
2193,2.64327
2194,2.63194
2195,2.62137
2196,2.61157
2197,2.60255
2198,2.59429
2199,2.58676
2200,2.57994
2201,2.57377
2202,2.56822
2203,2.56323
2204,2.55874
2205,2.5547
2206,2.55105
2207,2.54772
2208,2.54467
2209,2.54184
2210,2.53918
2211,2.53664
2212,2.53419
2213,2.5318
2214,2.52944
2215,2.52708
2216,2.52471
2217,2.52233
2218,2.51992
2219,2.51749
2220,2.51504
2221,2.51259
2222,2.51015
2223,2.50773
2224,2.50535
2225,2.50304
2226,2.50082
2227,2.49871
2228,2.49674
2229,2.49493
2230,2.49331
2231,2.4919
2232,2.49074
2233,2.48984
2234,2.48923
2235,2.48893
2236,2.48898
2237,2.48939
2238,2.49018
2239,2.49137
2240,2.49299
2241,2.49504
2242,2.49754
2243,2.5005
2244,2.50393
2245,2.50783
2246,2.51221
2247,2.51706
2248,2.52236
2249,2.52813
2250,2.53432
2251,2.54093
2252,2.54794
2253,2.55531
2254,2.56301
2255,2.57102
2256,2.57929
2257,2.58779
2258,2.59648
2259,2.60532
2260,2.61428
2261,2.6233
2262,2.63237
2263,2.64143
2264,2.65045
2265,2.65941
2266,2.66826
2267,2.67698
2268,2.68553
2269,2.69389
2270,2.70204
2271,2.70994
2272,2.71758
2273,2.72492
2274,2.73196
2275,2.73866
2276,2.74501
2277,2.75098
2278,2.75656
2279,2.76173
2280,2.76647
2281,2.77076
2282,2.77459
2283,2.77795
2284,2.78084
2285,2.78325
2286,2.78518
2287,2.78663
2288,2.78762
2289,2.78816
2290,2.78826
2291,2.78795
2292,2.78727
2293,2.78623
2294,2.78489
2295,2.78328
2296,2.78145
2297,2.77944
2298,2.77729
2299,2.77507
2300,2.7728
2301,2.77055
2302,2.76835
2303,2.76623
2304,2.76425
2305,2.76242
2306,2.76076
2307,2.75931
2308,2.75806
2309,2.75702
2310,2.75618
2311,2.75554
2312,2.75508
2313,2.75478
2314,2.7546
2315,2.75451
2316,2.75447
2317,2.75444
2318,2.75438
2319,2.75423
2320,2.75395
2321,2.7535
2322,2.75283
2323,2.75191
2324,2.75068
2325,2.74912
2326,2.74721
2327,2.74491
2328,2.74222
2329,2.73911
2330,2.7356
2331,2.73168
2332,2.72737
2333,2.72268
2334,2.71763
2335,2.71227
2336,2.70661
2337,2.70071
2338,2.69461
2339,2.68836
2340,2.68201
2341,2.67562
2342,2.66924
2343,2.66293
2344,2.65675
2345,2.65074
2346,2.64498
2347,2.63949
2348,2.63434
2349,2.62957
2350,2.6252
2351,2.62128
2352,2.61783
2353,2.61486
2354,2.61238
2355,2.6104
2356,2.60891
2357,2.60791
2358,2.60735
2359,2.60723
2360,2.60749
2361,2.6081
2362,2.60901
2363,2.61015
2364,2.61147
2365,2.61291
2366,2.61439
2367,2.61585
2368,2.61722
2369,2.61842
2370,2.61939
2371,2.62007
2372,2.62039
2373,2.6203
2374,2.61975
2375,2.6187
2376,2.61711
2377,2.61496
2378,2.61224
2379,2.60893
2380,2.60503
2381,2.60057
2382,2.59556
2383,2.59003
2384,2.58402
2385,2.57758
2386,2.57075
2387,2.56359
2388,2.55617
2389,2.54856
2390,2.54082
2391,2.53302
2392,2.52523
2393,2.51752
2394,2.50997
2395,2.50262
2396,2.49556
2397,2.48882
2398,2.48246
2399,2.47652
2400,2.47105
2401,2.46607
2402,2.46161
2403,2.45767
2404,2.45429
2405,2.45144
2406,2.44914
2407,2.44737
2408,2.44612
2409,2.44536
2410,2.44507
2411,2.44522
2412,2.44577
2413,2.4467
2414,2.44795
2415,2.4495
2416,2.45129
2417,2.45329
2418,2.45546
2419,2.45775
2420,2.46013
2421,2.46256
2422,2.465
2423,2.46742
2424,2.46979
2425,2.47209
2426,2.47429
2427,2.47637
2428,2.47832
2429,2.48012
2430,2.48177
2431,2.48327
2432,2.4846
2433,2.48579
2434,2.48682
2435,2.48772
2436,2.4885
2437,2.48917
2438,2.48974
2439,2.49025
2440,2.4907
2441,2.49112
2442,2.49153
2443,2.49195
2444,2.49241
2445,2.49293
2446,2.49352
2447,2.49421
2448,2.49501
2449,2.49594
2450,2.49701
2451,2.49824
2452,2.49964
2453,2.50121
2454,2.50297
2455,2.50491
2456,2.50705
2457,2.50938
2458,2.5119
2459,2.51461
2460,2.51751
2461,2.52059
2462,2.52386
2463,2.52729
2464,2.53089
2465,2.53464
2466,2.53853
2467,2.54255
2468,2.54668
2469,2.55092
2470,2.55523
2471,2.55961
2472,2.56404
2473,2.56849
2474,2.57294
2475,2.57736
2476,2.58174
2477,2.58603
2478,2.59022
2479,2.59428
2480,2.59818
2481,2.60188
2482,2.60536
2483,2.6086
2484,2.61156
2485,2.61422
2486,2.61656
2487,2.61856
2488,2.62019
2489,2.62145
2490,2.62232
2491,2.6228
2492,2.62288
2493,2.62257
2494,2.62187
2495,2.62079
2496,2.61936
2497,2.6176
2498,2.61552
2499,2.61316
2500,2.61055
2501,2.60773
2502,2.60474
2503,2.60163
2504,2.59844
2505,2.59522
2506,2.59201
2507,2.58886
2508,2.58583
2509,2.58294
2510,2.58026
2511,2.57782
2512,2.57565
2513,2.5738
2514,2.57228
2515,2.57114
2516,2.57038
2517,2.57002
2518,2.57007
2519,2.57053
2520,2.5714
2521,2.57267
2522,2.57433
2523,2.57635
2524,2.57872
2525,2.5814
2526,2.58437
2527,2.58757
2528,2.59098
2529,2.59454
2530,2.59823
2531,2.60199
2532,2.60577
2533,2.60954
2534,2.61325
2535,2.61686
2536,2.62033
2537,2.62363
2538,2.62673
2539,2.62961
2540,2.63224
2541,2.63462
2542,2.63672
2543,2.63856
2544,2.64013
2545,2.64145
2546,2.64252
2547,2.64337
2548,2.64403
2549,2.64451
2550,2.64485
2551,2.64509
2552,2.64526
2553,2.64539
2554,2.64552
2555,2.64569
2556,2.64593
2557,2.64626
2558,2.64672
2559,2.64733
2560,2.6481
2561,2.64904
2562,2.65017
2563,2.65148
2564,2.65297
2565,2.65462
2566,2.65643
2567,2.65836
2568,2.6604
2569,2.66251
2570,2.66466
2571,2.66681
2572,2.66892
2573,2.67095
2574,2.67286
2575,2.67461
2576,2.67617
2577,2.67748
2578,2.67852
2579,2.67927
2580,2.67968
2581,2.67974
2582,2.67944
2583,2.67876
2584,2.67769
2585,2.67624
2586,2.67441
2587,2.67221
2588,2.66966
2589,2.66678
2590,2.6636
2591,2.66014
2592,2.65645
2593,2.65255
2594,2.64849
2595,2.64431
2596,2.64005
2597,2.63577
2598,2.6315
2599,2.62728
2600,2.62317
2601,2.6192
2602,2.61541
2603,2.61184
2604,2.60852
2605,2.60548
2606,2.60276
2607,2.60036
2608,2.59832
2609,2.59665
2610,2.59535
2611,2.59444
2612,2.5939
2613,2.59375
2614,2.59397
2615,2.59455
2616,2.59548
2617,2.59673
2618,2.59829
2619,2.60012
2620,2.6022
2621,2.60449
2622,2.60697
2623,2.60959
2624,2.61231
2625,2.61511
2626,2.61793
2627,2.62074
2628,2.62351
2629,2.62619
2630,2.62874
2631,2.63114
2632,2.63334
2633,2.63533
2634,2.63707
2635,2.63854
2636,2.63971
2637,2.64058
2638,2.64113
2639,2.64135
2640,2.64123
2641,2.64079
2642,2.64001
2643,2.63891
2644,2.6375
2645,2.6358
2646,2.63381
2647,2.63157
2648,2.62909
2649,2.62641
2650,2.62353
2651,2.6205
2652,2.61734
2653,2.61407
2654,2.61073
2655,2.60734
2656,2.60391
2657,2.60049
2658,2.59708
2659,2.59371
2660,2.59039
2661,2.58713
2662,2.58396
2663,2.58087
2664,2.57788
2665,2.57499
2666,2.5722
2667,2.56952
2668,2.56694
2669,2.56445
2670,2.56206
2671,2.55976
2672,2.55754
2673,2.55541
2674,2.55334
2675,2.55135
2676,2.54941
2677,2.54753
2678,2.5457
2679,2.54391
2680,2.54218
2681,2.54049
2682,2.53884
2683,2.53724
2684,2.53568
2685,2.53418
2686,2.53273
2687,2.53134
2688,2.53001
2689,2.52875
2690,2.52758
2691,2.52648
2692,2.52548
2693,2.52458
2694,2.52379
2695,2.52311
2696,2.52255
2697,2.52211
2698,2.52181
2699,2.52164
2700,2.52161
2701,2.52172
2702,2.52198
2703,2.52237
2704,2.52291
2705,2.52359
2706,2.5244
2707,2.52534
2708,2.52641
2709,2.52759
2710,2.52888
2711,2.53028
2712,2.53176
2713,2.53331
2714,2.53494
2715,2.53661
2716,2.53833
2717,2.54007
2718,2.54182
2719,2.54357
2720,2.5453
2721,2.547
2722,2.54865
2723,2.55025
2724,2.55177
2725,2.55321
2726,2.55456
2727,2.55581
2728,2.55695
2729,2.55796
2730,2.55885
2731,2.55962
2732,2.56024
2733,2.56074
2734,2.5611
2735,2.56132
2736,2.56142
2737,2.56138
2738,2.56122
2739,2.56094
2740,2.56055
2741,2.56006
2742,2.55947
2743,2.55879
2744,2.55803
2745,2.5572
2746,2.55631
2747,2.55537
2748,2.55439
2749,2.55338
2750,2.55233
2751,2.55128
2752,2.55021
2753,2.54914
2754,2.54807
2755,2.54701
2756,2.54596
2757,2.54493
2758,2.54392
2759,2.54293
2760,2.54196
2761,2.54102
2762,2.5401
2763,2.53921
2764,2.53834
2765,2.5375
2766,2.53668
2767,2.53588
2768,2.5351
2769,2.53435
2770,2.53362
2771,2.53291
2772,2.53221
2773,2.53154
2774,2.53088
2775,2.53025
2776,2.52963
2777,2.52903
2778,2.52845
2779,2.52789
2780,2.52735
2781,2.52683
2782,2.52633
2783,2.52585
2784,2.52539
2785,2.52495
2786,2.52453
2787,2.52413
2788,2.52373
2789,2.52335
2790,2.52298
2791,2.52262
2792,2.52226
2793,2.52189
2794,2.52152
2795,2.52113
2796,2.52072
2797,2.52029
2798,2.51983
2799,2.51934
2800,2.5188
2801,2.51821
2802,2.51756
2803,2.51686
2804,2.5161
2805,2.51526
2806,2.51435
2807,2.51337
2808,2.51232
2809,2.51118
2810,2.50998
2811,2.5087
2812,2.50735
2813,2.50594
2814,2.50448
2815,2.50297
2816,2.50142
2817,2.49984
2818,2.49825
2819,2.49667
2820,2.4951
2821,2.49357
2822,2.49209
2823,2.4907
2824,2.4894
2825,2.48823
2826,2.4872
2827,2.48635
2828,2.48569
2829,2.48526
2830,2.48509
2831,2.48521
2832,2.48564
2833,2.48642
2834,2.48758
2835,2.48915
2836,2.49117
2837,2.49366
2838,2.49667
2839,2.50023
2840,2.50437
2841,2.50914
2842,2.51457
2843,2.5207
2844,2.52757
2845,2.53522
2846,2.5437
2847,2.55305
2848,2.56332
2849,2.57455
2850,2.58679
2851,2.60008
2852,2.61448
2853,2.63004
2854,2.64681
2855,2.66483
2856,2.68415
2857,2.70483
2858,2.7269
2859,2.75041
2860,2.77541
2861,2.80192
2862,2.82997
2863,2.8596
2864,2.89082
2865,2.92365
2866,2.95808
2867,2.99411
2868,3.03172
2869,3.0709
2870,3.11159
2871,3.15375
2872,3.19732
2873,3.24223
2874,3.28838
2875,3.33568
2876,3.38401
2877,3.43326
2878,3.48329
2879,3.53396
2880,3.58511
2881,3.63658
2882,3.6882
2883,3.7398
2884,3.79121
2885,3.84223
2886,3.89269
2887,3.94242
2888,3.99123
2889,4.03894
2890,4.0854
2891,4.13045
2892,4.17393
2893,4.21569
2894,4.25562
2895,4.29358
2896,4.32948
2897,4.36321
2898,4.39471
2899,4.42389
2900,4.45071
2901,4.47512
2902,4.4971
2903,4.51663
2904,4.53371
2905,4.54834
2906,4.56055
2907,4.57035
2908,4.57779
2909,4.58292
2910,4.58579
2911,4.58646
2912,4.58499
2913,4.58146
2914,4.57595
2915,4.56853
2916,4.5593
2917,4.54835
2918,4.53576
2919,4.52163
2920,4.50606
2921,4.48915
2922,4.471
2923,4.45171
2924,4.43138
2925,4.41011
2926,4.38801
2927,4.36518
2928,4.34173
2929,4.31774
2930,4.29331
2931,4.26855
2932,4.24354
2933,4.21837
2934,4.19314
2935,4.1679
2936,4.14275
2937,4.11776
2938,4.09298
2939,4.06849
2940,4.04432
2941,4.02054
2942,3.99718
2943,3.97427
2944,3.95185
2945,3.92994
2946,3.90856
2947,3.88772
2948,3.86743
2949,3.84768
2950,3.82848
2951,3.80983
2952,3.79171
2953,3.77412
2954,3.75704
2955,3.74045
2956,3.72434
2957,3.7087
2958,3.6935
2959,3.67874
2960,3.66439
2961,3.65044
2962,3.63688
2963,3.62369
2964,3.61087
2965,3.5984
2966,3.58628
2967,3.5745
2968,3.56305
2969,3.55194
2970,3.54117
2971,3.53072
2972,3.52061
2973,3.51082
2974,3.50137
2975,3.49226
2976,3.48348
2977,3.47503
2978,3.46692
2979,3.45914
2980,3.4517
2981,3.44458
2982,3.43779
2983,3.43132
2984,3.42516
2985,3.41931
2986,3.41375
2987,3.40848
2988,3.40349
2989,3.39875
2990,3.39427
2991,3.39003
2992,3.38601
2993,3.3822
2994,3.3786
2995,3.37518
2996,3.37193
2997,3.36885
2998,3.36593
2999,3.36315
3000,3.36051
3001,3.35801
3002,3.35563
3003,3.35338
3004,3.35126
3005,3.34926
3006,3.34739
3007,3.34566
3008,3.34407
3009,3.34263
3010,3.34135
3011,3.34025
3012,3.33933
3013,3.33861
3014,3.33811
3015,3.33785
3016,3.33786
3017,3.33814
3018,3.33873
3019,3.33966
3020,3.34094
3021,3.34261
3022,3.34469
3023,3.34722
3024,3.35022
3025,3.35374
3026,3.35779
3027,3.36242
3028,3.36766
3029,3.37354
3030,3.38009
3031,3.38735
3032,3.39535
3033,3.40411
3034,3.41365
3035,3.42402
3036,3.43521
3037,3.44726
3038,3.46017
3039,3.47394
3040,3.48858
3041,3.50409
3042,3.52045
3043,3.53763
3044,3.55562
3045,3.57437
3046,3.59384
3047,3.61399
3048,3.63474
3049,3.65604
3050,3.67779
3051,3.69993
3052,3.72235
3053,3.74496
3054,3.76765
3055,3.79031
3056,3.81284
3057,3.83511
3058,3.85701
3059,3.87842
3060,3.89922
3061,3.91931
3062,3.93857
3063,3.95689
3064,3.97419
3065,3.99036
3066,4.00533
3067,4.01903
3068,4.03138
3069,4.04236
3070,4.0519
3071,4.06
3072,4.06662
3073,4.07178
3074,4.07548
3075,4.07773
3076,4.07858
3077,4.07806
3078,4.07621
3079,4.07311
3080,4.0688
3081,4.06336
3082,4.05686
3083,4.04939
3084,4.041
3085,4.03179
3086,4.02182
3087,4.01117
3088,3.99992
3089,3.98812
3090,3.97584
3091,3.96314
3092,3.95006
3093,3.93666
3094,3.92297
3095,3.90902
3096,3.89484
3097,3.88046
3098,3.86588
3099,3.85113
3100,3.8362
3101,3.82111
3102,3.80587
3103,3.79046
3104,3.77489
3105,3.75916
3106,3.74328
3107,3.72725
3108,3.71107
3109,3.69475
3110,3.6783
3111,3.66173
3112,3.64506
3113,3.6283
3114,3.61148
3115,3.59463
3116,3.57777
3117,3.56094
3118,3.54416
3119,3.52747
3120,3.51091
3121,3.49451
3122,3.47832
3123,3.46237
3124,3.44669
3125,3.43133
3126,3.41632
3127,3.40168
3128,3.38746
3129,3.37367
3130,3.36035
3131,3.34751
3132,3.33517
3133,3.32335
3134,3.31207
3135,3.30131
3136,3.2911
3137,3.28144
3138,3.27232
3139,3.26373
3140,3.25568
3141,3.24815
3142,3.24112
3143,3.23459
3144,3.22853
3145,3.22294
3146,3.21778
3147,3.21304
3148,3.2087
3149,3.20473
3150,3.20112
3151,3.19783
3152,3.19485
3153,3.19214
3154,3.1897
3155,3.18749
3156,3.18549
3157,3.18368
3158,3.18204
3159,3.18055
3160,3.17919
3161,3.17794
3162,3.17678
3163,3.17569
3164,3.17466
3165,3.17367
3166,3.17272
3167,3.17177
3168,3.17084
3169,3.1699
3170,3.16894
3171,3.16795
3172,3.16694
3173,3.16589
3174,3.16479
3175,3.16364
3176,3.16244
3177,3.16119
3178,3.15988
3179,3.15851
3180,3.15708
3181,3.1556
3182,3.15406
3183,3.15246
3184,3.15081
3185,3.14911
3186,3.14736
3187,3.14556
3188,3.14372
3189,3.14184
3190,3.13993
3191,3.13798
3192,3.13601
3193,3.13401
3194,3.13199
3195,3.12995
3196,3.12789
3197,3.12583
3198,3.12375
3199,3.12167
3200,3.11958
3201,3.11749
3202,3.11539
3203,3.1133
3204,3.11121
3205,3.10912
3206,3.10703
3207,3.10495
3208,3.10287
3209,3.10079
3210,3.09872
3211,3.09664
3212,3.09457
3213,3.0925
3214,3.09043
3215,3.08835
3216,3.08628
3217,3.0842
3218,3.08211
3219,3.08002
3220,3.07792
3221,3.0758
3222,3.07368
3223,3.07155
3224,3.0694
3225,3.06724
3226,3.06506
3227,3.06286
3228,3.06065
3229,3.05841
3230,3.05616
3231,3.05389
3232,3.0516
3233,3.04929
3234,3.04696
3235,3.0446
3236,3.04223
3237,3.03984
3238,3.03743
3239,3.035
3240,3.03256
3241,3.03009
3242,3.02762
3243,3.02513
3244,3.02262
3245,3.02011
3246,3.01758
3247,3.01504
3248,3.0125
3249,3.00995
3250,3.0074
3251,3.00484
3252,3.00228
3253,2.99972
3254,2.99716
3255,2.99461
3256,2.99205
3257,2.9895
3258,2.98695
3259,2.98441
3260,2.98187
3261,2.97934
3262,2.97682
3263,2.97431
3264,2.9718
3265,2.9693
3266,2.96682
3267,2.96434
3268,2.96187
3269,2.95941
3270,2.95696
3271,2.95451
3272,2.95208
3273,2.94966
3274,2.94725
3275,2.94485
3276,2.94247
3277,2.94009
3278,2.93772
3279,2.93537
3280,2.93303
3281,2.9307
3282,2.92839
3283,2.92609
3284,2.9238
3285,2.92153
3286,2.91927
3287,2.91703
3288,2.91481
3289,2.91261
3290,2.91042
3291,2.90825
3292,2.9061
3293,2.90398
3294,2.90187
3295,2.89978
3296,2.89772
3297,2.89568
3298,2.89366
3299,2.89166
3300,2.88969
3301,2.88774
3302,2.88581
3303,2.88391
3304,2.88204
3305,2.88019
3306,2.87836
3307,2.87657
3308,2.87479
3309,2.87305
3310,2.87133
3311,2.86963
3312,2.86797
3313,2.86633
3314,2.86471
3315,2.86313
3316,2.86157
3317,2.86003
3318,2.85852
3319,2.85704
3320,2.85558
3321,2.85415
3322,2.85274
3323,2.85135
3324,2.84999
3325,2.84865
3326,2.84732
3327,2.84601
3328,2.84472
3329,2.84344
3330,2.84218
3331,2.84092
3332,2.83967
3333,2.83843
3334,2.83719
3335,2.83595
3336,2.83471
3337,2.83346
3338,2.8322
3339,2.83094
3340,2.82966
3341,2.82837
3342,2.82706
3343,2.82573
3344,2.82438
3345,2.82301
3346,2.82161
3347,2.82019
3348,2.81874
3349,2.81726
3350,2.81575
3351,2.81422
3352,2.81265
3353,2.81106
3354,2.80944
3355,2.80779
3356,2.80611
3357,2.80441
3358,2.80268
3359,2.80093
3360,2.79916
3361,2.79738
3362,2.79557
3363,2.79375
3364,2.79192
3365,2.79007
3366,2.78822
3367,2.78636
3368,2.78449
3369,2.78263
3370,2.78076
3371,2.77889
3372,2.77703
3373,2.77517
3374,2.77332
3375,2.77147
3376,2.76964
3377,2.76781
3378,2.766
3379,2.7642
3380,2.76241
3381,2.76063
3382,2.75887
3383,2.75713
3384,2.75539
3385,2.75368
3386,2.75198
3387,2.7503
3388,2.74863
3389,2.74699
3390,2.74535
3391,2.74374
3392,2.74214
3393,2.74057
3394,2.73901
3395,2.73746
3396,2.73594
3397,2.73444
3398,2.73295
3399,2.73148
3400,2.73004
3401,2.72861
3402,2.7272
3403,2.72581
3404,2.72444
3405,2.72309
3406,2.72176
3407,2.72045
3408,2.71917
3409,2.7179
3410,2.71664
3411,2.71541
3412,2.7142
3413,2.71301
3414,2.71183
3415,2.71067
3416,2.70953
3417,2.70841
3418,2.7073
3419,2.7062
3420,2.70512
3421,2.70406
3422,2.703
3423,2.70196
3424,2.70093
3425,2.69991
3426,2.69889
3427,2.69789
3428,2.6969
3429,2.69591
3430,2.69493
3431,2.69395
3432,2.69298
3433,2.69201
3434,2.69105
3435,2.69009
3436,2.68914
3437,2.68818
3438,2.68724
3439,2.68629
3440,2.68535
3441,2.68441
3442,2.68347
3443,2.68253
3444,2.6816
3445,2.68068
3446,2.67976
3447,2.67884
3448,2.67793
3449,2.67703
3450,2.67614
3451,2.67525
3452,2.67437
3453,2.67351
3454,2.67265
3455,2.67181
3456,2.67098
3457,2.67017
3458,2.66937
3459,2.66859
3460,2.66783
3461,2.66708
3462,2.66636
3463,2.66566
3464,2.66498
3465,2.66432
3466,2.66369
3467,2.66308
3468,2.6625
3469,2.66194
3470,2.66141
3471,2.66091
3472,2.66043
3473,2.65997
3474,2.65955
3475,2.65914
3476,2.65876
3477,2.65841
3478,2.65808
3479,2.65777
3480,2.65748
3481,2.6572
3482,2.65695
3483,2.65671
3484,2.65648
3485,2.65626
3486,2.65605
3487,2.65585
3488,2.65565
3489,2.65545
3490,2.65525
3491,2.65504
3492,2.65483
3493,2.65461
3494,2.65438
3495,2.65414
3496,2.65387
3497,2.65359
3498,2.65329
3499,2.65296
3500,2.65261
3501,2.65222
3502,2.65181
3503,2.65137
3504,2.6509
3505,2.6504
3506,2.64986
3507,2.64928
3508,2.64867
3509,2.64803
3510,2.64735
3511,2.64663
3512,2.64588
3513,2.64509
3514,2.64427
3515,2.64341
3516,2.64253
3517,2.6416
3518,2.64065
3519,2.63967
3520,2.63866
3521,2.63762
3522,2.63656
3523,2.63547
3524,2.63436
3525,2.63322
3526,2.63207
3527,2.6309
3528,2.62971
3529,2.62851
3530,2.62729
3531,2.62607
3532,2.62483
3533,2.62358
3534,2.62233
3535,2.62108
3536,2.61983
3537,2.61857
3538,2.61732
3539,2.61607
3540,2.61483
3541,2.61359
3542,2.61237
3543,2.61116
3544,2.60997
3545,2.6088
3546,2.60765
3547,2.60653
3548,2.60543
3549,2.60436
3550,2.60333
3551,2.60233
3552,2.60138
3553,2.60046
3554,2.59959
3555,2.59877
3556,2.598
3557,2.59729
3558,2.59663
3559,2.59604
3560,2.5955
3561,2.59504
3562,2.59464
3563,2.59431
3564,2.59405
3565,2.59387
3566,2.59377
3567,2.59374
3568,2.59379
3569,2.59392
3570,2.59414
3571,2.59443
3572,2.59481
3573,2.59527
3574,2.59581
3575,2.59643
3576,2.59714
3577,2.59792
3578,2.59878
3579,2.59972
3580,2.60073
3581,2.60182
3582,2.60297
3583,2.60419
3584,2.60547
3585,2.60682
3586,2.60821
3587,2.60966
3588,2.61116
3589,2.61271
3590,2.61429
3591,2.6159
3592,2.61754
3593,2.61921
3594,2.62089
3595,2.62259
3596,2.62429
3597,2.62599
3598,2.62769
3599,2.62938
3600,2.63105
3601,2.6327
3602,2.63432
3603,2.63591
3604,2.63746
3605,2.63896
3606,2.64042
3607,2.64182
3608,2.64317
3609,2.64445
3610,2.64567
3611,2.64682
3612,2.64789
3613,2.64889
3614,2.64982
3615,2.65066
3616,2.65142
3617,2.6521
3618,2.6527
3619,2.65321
3620,2.65365
3621,2.654
3622,2.65428
3623,2.65447
3624,2.65459
3625,2.65464
3626,2.65462
3627,2.65454
3628,2.65439
3629,2.65418
3630,2.65392
3631,2.65361
3632,2.65325
3633,2.65286
3634,2.65243
3635,2.65197
3636,2.65149
3637,2.65098
3638,2.65046
3639,2.64993
3640,2.6494
3641,2.64886
3642,2.64833
3643,2.6478
3644,2.64728
3645,2.64678
3646,2.6463
3647,2.64583
3648,2.64538
3649,2.64496
3650,2.64457
3651,2.6442
3652,2.64385
3653,2.64354
3654,2.64325
3655,2.64299
3656,2.64276
3657,2.64256
3658,2.64238
3659,2.64222
3660,2.64209
3661,2.64198
3662,2.64189
3663,2.64182
3664,2.64176
3665,2.64172
3666,2.64168
3667,2.64166
3668,2.64165
3669,2.64164
3670,2.64164
3671,2.64164
3672,2.64165
3673,2.64165
3674,2.64166
3675,2.64166
3676,2.64166
3677,2.64166
3678,2.64166
3679,2.64166
3680,2.64166
3681,2.64165
3682,2.64164
3683,2.64164
3684,2.64164
3685,2.64164
3686,2.64164
3687,2.64165
3688,2.64167
3689,2.64169
3690,2.64173
3691,2.64178
3692,2.64184
3693,2.64192
3694,2.64202
3695,2.64214
3696,2.64228
3697,2.64244
3698,2.64262
3699,2.64284
3700,2.64308
3701,2.64334
3702,2.64364
3703,2.64397
3704,2.64432
3705,2.64471
3706,2.64513
3707,2.64558
3708,2.64607
3709,2.64659
3710,2.64713
3711,2.64771
3712,2.64832
3713,2.64896
3714,2.64963
3715,2.65033
3716,2.65105
3717,2.6518
3718,2.65258
3719,2.65338
3720,2.65421
3721,2.65505
3722,2.65592
3723,2.6568
3724,2.6577
3725,2.65862
3726,2.65955
3727,2.66049
3728,2.66145
3729,2.66242
3730,2.66339
3731,2.66437
3732,2.66536
3733,2.66636
3734,2.66736
3735,2.66836
3736,2.66936
3737,2.67037
3738,2.67137
3739,2.67238
3740,2.67339
3741,2.67439
3742,2.67539
3743,2.67639
3744,2.67739
3745,2.67839
3746,2.67938
3747,2.68037
3748,2.68135
3749,2.68233
3750,2.68331
3751,2.68429
3752,2.68526
3753,2.68623
3754,2.6872
3755,2.68816
3756,2.68912
3757,2.69008
3758,2.69104
3759,2.692
3760,2.69295
3761,2.6939
3762,2.69485
3763,2.6958
3764,2.69674
3765,2.69769
3766,2.69863
3767,2.69956
3768,2.7005
3769,2.70143
3770,2.70235
3771,2.70327
3772,2.70418
3773,2.70509
3774,2.70599
3775,2.70688
3776,2.70776
3777,2.70863
3778,2.70948
3779,2.71033
3780,2.71115
3781,2.71197
3782,2.71276
3783,2.71353
3784,2.71428
3785,2.71501
3786,2.71572
3787,2.7164
3788,2.71705
3789,2.71768
3790,2.71827
3791,2.71884
3792,2.71937
3793,2.71987
3794,2.72034
3795,2.72077
3796,2.72116
3797,2.72152
3798,2.72185
3799,2.72213
3800,2.72238
3801,2.72259
3802,2.72277
3803,2.72291
3804,2.72301
3805,2.72308
3806,2.72312
3807,2.72312
3808,2.72309
3809,2.72303
3810,2.72293
3811,2.72281
3812,2.72267
3813,2.7225
3814,2.72231
3815,2.72209
3816,2.72186
3817,2.72161
3818,2.72135
3819,2.72107
3820,2.72079
3821,2.7205
3822,2.7202
3823,2.7199
3824,2.7196
3825,2.7193
3826,2.719
3827,2.71871
3828,2.71843
3829,2.71816
3830,2.71791
3831,2.71766
3832,2.71744
3833,2.71723
3834,2.71705
3835,2.71689
3836,2.71675
3837,2.71663
3838,2.71655
3839,2.71649
3840,2.71646
3841,2.71647
3842,2.7165
3843,2.71657
3844,2.71667
3845,2.7168
3846,2.71697
3847,2.71717
3848,2.71741
3849,2.71768
3850,2.71798
3851,2.71832
3852,2.7187
3853,2.71911
3854,2.71955
3855,2.72002
3856,2.72053
3857,2.72106
3858,2.72163
3859,2.72223
3860,2.72286
3861,2.72351
3862,2.72419
3863,2.7249
3864,2.72563
3865,2.72639
3866,2.72717
3867,2.72797
3868,2.7288
3869,2.72965
3870,2.73051
3871,2.7314
3872,2.73231
3873,2.73324
3874,2.73419
3875,2.73516
3876,2.73614
3877,2.73715
3878,2.73818
3879,2.73922
3880,2.74029
3881,2.74138
3882,2.74248
3883,2.74361
3884,2.74476
3885,2.74593
3886,2.74712
3887,2.74834
3888,2.74957
3889,2.75083
3890,2.75211
3891,2.75341
3892,2.75474
3893,2.75609
3894,2.75745
3895,2.75884
3896,2.76025
3897,2.76168
3898,2.76312
3899,2.76458
3900,2.76605
3901,2.76753
3902,2.76902
3903,2.77052
3904,2.77202
3905,2.77352
3906,2.77502
3907,2.77651
3908,2.77799
3909,2.77945
3910,2.7809
3911,2.78232
3912,2.78372
3913,2.78508
3914,2.78641
3915,2.78769
3916,2.78892
3917,2.7901
3918,2.79121
3919,2.79226
3920,2.79324
3921,2.79414
3922,2.79495
3923,2.79567
3924,2.79628
3925,2.7968
3926,2.79719
3927,2.79747
3928,2.79761
3929,2.79762
3930,2.79748
3931,2.79718
3932,2.79672
3933,2.79609
3934,2.79527
3935,2.79425
3936,2.79303
3937,2.79158
3938,2.7899
3939,2.78798
3940,2.7858
3941,2.78334
3942,2.78059
3943,2.77753
3944,2.77414
3945,2.77041
3946,2.76632
3947,2.76183
3948,2.75694
3949,2.75161
3950,2.74583
3951,2.73957
3952,2.7328
3953,2.72549
3954,2.71762
3955,2.70916
3956,2.70007
3957,2.69033
3958,2.67991
3959,2.66877
3960,2.65688
3961,2.64422
3962,2.63074
3963,2.61642
3964,2.60123
3965,2.58514
3966,2.56811
3967,2.55013
3968,2.53115
3969,2.51117
3970,2.49015
3971,2.46808
3972,2.44493
3973,2.42069
3974,2.39535
3975,2.3689
3976,2.34133
3977,2.31264
3978,2.28282
3979,2.2519
3980,2.21986
3981,2.18674
3982,2.15254
3983,2.11729
3984,2.08101
3985,2.04373
3986,2.0055
3987,1.96634
3988,1.9263
3989,1.88544
3990,1.8438
3991,1.80144
3992,1.75842
3993,1.71479
3994,1.67064
3995,1.62601
3996,1.581
3997,1.53566
3998,1.49008
3999,1.44433
4000,1.39848