 #Energy Transferred (cm\+(-1)),PBE-D3BJ supercell
8,0.3257
9,0.39261
10,0.4362
11,0.46019
12,0.47755
13,0.50219
14,0.54102
15,0.59142
16,0.64459
17,0.69202
18,0.7307
19,0.76343
20,0.79461
21,0.82589
22,0.85599
23,0.88388
24,0.91145
25,0.94278
26,0.9815
27,1.02936
28,1.08714
29,1.15615
30,1.23805
31,1.33233
32,1.43397
33,1.53385
34,1.62246
35,1.69457
36,1.75086
37,1.79535
38,1.83114
39,1.85895
40,1.88016
41,1.9005
42,1.92903
43,1.97123
44,2.02199
45,2.06594
46,2.08688
47,2.07951
48,2.05361
49,2.02709
50,2.01325
51,2.01182
52,2.00958
53,1.9891
54,1.93871
55,1.85783
56,1.75574
57,1.64665
58,1.54473
59,1.46066
60,1.39955
61,1.35964
62,1.33284
63,1.30825
64,1.27743
65,1.23856
66,1.1969
67,1.16112
68,1.1382
69,1.1299
70,1.13282
71,1.14129
72,1.15076
73,1.15939
74,1.16726
75,1.1744
76,1.17935
77,1.17917
78,1.17043
79,1.15046
80,1.11826
81,1.0747
82,1.02206
83,0.96321
84,0.9012
85,0.83962
86,0.78351
87,0.73958
88,0.71501
89,0.71521
90,0.74165
91,0.79083
92,0.85514
93,0.92493
94,0.99096
95,1.04628
96,1.08672
97,1.11047
98,1.11781
99,1.11137
100,1.09707
101,1.08418
102,1.08358
103,1.10417
104,1.14903
105,1.21347
106,1.28596
107,1.35149
108,1.39506
109,1.40383
110,1.36803
111,1.28209
112,1.14692
113,0.97229
114,0.77659
115,0.58285
116,0.41214
117,0.27778
118,0.18309
119,0.12328
120,0.08938
121,0.07213
122,0.06428
123,0.06117
124,0.06041
125,0.06126
126,0.06437
127,0.07195
128,0.08832
129,0.12045
130,0.17796
131,0.27192
132,0.4122
133,0.60389
134,0.84428
135,1.12184
136,1.41852
137,1.71451
138,1.99382
139,2.24813
140,2.47723
141,2.68558
142,2.87646
143,3.04624
144,3.18183
145,3.26308
146,3.26947
147,3.18789
148,3.01774
149,2.77122
150,2.46945
151,2.13675
152,1.79595
153,1.46589
154,1.16084
155,0.89096
156,0.66276
157,0.47914
158,0.33943
159,0.23958
160,0.17307
161,0.1323
162,0.10999
163,0.10034
164,0.09954
165,0.10579
166,0.11892
167,0.13996
168,0.17066
169,0.21317
170,0.2698
171,0.34291
172,0.43485
173,0.54799
174,0.68457
175,0.84599
176,1.03139
177,1.23563
178,1.44746
179,1.64916
180,1.81845
181,1.93263
182,1.97388
183,1.93363
184,1.81483
185,1.63119
186,1.40416
187,1.15863
188,0.91838
189,0.70247
190,0.52295
191,0.3844
192,0.28496
193,0.21849
194,0.17699
195,0.15263
196,0.13898
197,0.13144
198,0.12709
199,0.12427
200,0.12213
201,0.1203
202,0.11864
203,0.11715
204,0.11595
205,0.11528
206,0.11566
207,0.11815
208,0.12471
209,0.13866
210,0.16502
211,0.21053
212,0.28291
213,0.38908
214,0.53262
215,0.71088
216,0.91301
217,1.11996
218,1.30708
219,1.44908
220,1.52571
221,1.52652
222,1.45306
223,1.31788
224,1.14111
225,0.94561
226,0.75257
227,0.57825
228,0.43251
229,0.31897
230,0.23625
231,0.17983
232,0.14387
233,0.12266
234,0.1116
235,0.10759
236,0.10922
237,0.11669
238,0.1316
239,0.15668
240,0.1953
241,0.25058
242,0.32425
243,0.41533
244,0.51904
245,0.62641
246,0.72504
247,0.8012
248,0.84281
249,0.84255
250,0.80003
251,0.72203
252,0.62082
253,0.51097
254,0.40596
255,0.31559
256,0.24504
257,0.19542
258,0.16545
259,0.15324
260,0.15787
261,0.18002
262,0.22182
263,0.28585
264,0.37354
265,0.48343
266,0.60974
267,0.74188
268,0.86533
269,0.96393
270,1.02318
271,1.03368
272,0.99353
273,0.90895
274,0.79278
275,0.66137
276,0.53089
277,0.41422
278,0.31917
279,0.24836
280,0.20025
281,0.17083
282,0.15524
283,0.14894
284,0.14828
285,0.15066
286,0.15438
287,0.15839
288,0.16203
289,0.1649
290,0.16669
291,0.1672
292,0.16629
293,0.16389
294,0.16001
295,0.15479
296,0.14841
297,0.14117
298,0.13335
299,0.12529
300,0.11727
301,0.10954
302,0.1023
303,0.0957
304,0.08989
305,0.085
306,0.08124
307,0.07889
308,0.07848
309,0.08085
310,0.08736
311,0.10007
312,0.12185
313,0.1563
314,0.20738
315,0.2786
316,0.37183
317,0.48595
318,0.61576
319,0.75156
320,0.87998
321,0.98599
322,1.0558
323,1.07993
324,1.0554
325,0.98647
326,0.88352
327,0.76055
328,0.63215
329,0.51064
330,0.40441
331,0.31743
332,0.24988
333,0.19938
334,0.1624
335,0.13533
336,0.11514
337,0.09962
338,0.08736
339,0.07753
340,0.06968
341,0.06352
342,0.05886
343,0.0555
344,0.05329
345,0.05204
346,0.05164
347,0.05198
348,0.05303
349,0.05479
350,0.05727
351,0.06051
352,0.06452
353,0.06928
354,0.07477
355,0.08095
356,0.08791
357,0.09589
358,0.10553
359,0.11795
360,0.13502
361,0.15938
362,0.19435
363,0.24355
364,0.31016
365,0.39593
366,0.49995
367,0.61783
368,0.74132
369,0.85896
370,0.95767
371,1.0251
372,1.05212
373,1.03476
374,0.97511
375,0.88079
376,0.76327
377,0.63555
378,0.50978
379,0.39546
380,0.29861
381,0.22167
382,0.16419
383,0.12378
384,0.09714
385,0.0808
386,0.07171
387,0.06743
388,0.0662
389,0.06682
390,0.06855
391,0.07093
392,0.0737
393,0.07669
394,0.07977
395,0.08283
396,0.08577
397,0.0885
398,0.09095
399,0.09312
400,0.09511
401,0.09718
402,0.09989
403,0.10421
404,0.11176
405,0.12497
406,0.14733
407,0.18343
408,0.23885
409,0.31967
410,0.43164
411,0.57886
412,0.76236
413,0.97866
414,1.21891
415,1.46896
416,1.71072
417,1.92468
418,2.09341
419,2.20511
420,2.25632
421,2.25314
422,2.21022
423,2.14796
424,2.08827
425,2.05004
426,2.04538
427,2.07745
428,2.14009
429,2.21947
430,2.29692
431,2.35254
432,2.36871
433,2.33297
434,2.23985
435,2.0914
436,1.89644
437,1.66884
438,1.42512
439,1.18185
440,0.95345
441,0.75063
442,0.57968
443,0.44262
444,0.33797
445,0.26189
446,0.20932
447,0.17494
448,0.15393
449,0.14224
450,0.13679
451,0.13534
452,0.13638
453,0.13894
454,0.1424
455,0.14643
456,0.15086
457,0.15564
458,0.16074
459,0.1662
460,0.17201
461,0.17816
462,0.18456
463,0.19107
464,0.19748
465,0.20353
466,0.20892
467,0.21336
468,0.21658
469,0.2184
470,0.21873
471,0.21758
472,0.21511
473,0.21162
474,0.20755
475,0.20351
476,0.20033
477,0.19917
478,0.20155
479,0.20953
480,0.22569
481,0.25318
482,0.29545
483,0.35591
484,0.43728
485,0.54081
486,0.66549
487,0.80737
488,0.95931
489,1.11129
490,1.25141
491,1.36744
492,1.4487
493,1.48792
494,1.48255
495,1.4353
496,1.3537
497,1.2487
498,1.13274
499,1.01762
500,0.91272
501,0.82377
502,0.75255
503,0.6974
504,0.65422
505,0.6179
506,0.58357
507,0.54762
508,0.50823
509,0.46531
510,0.42021
511,0.37508
512,0.33221
513,0.29356
514,0.2604
515,0.23324
516,0.21191
517,0.19576
518,0.18387
519,0.17529
520,0.16914
521,0.16475
522,0.16164
523,0.15956
524,0.15846
525,0.15851
526,0.16014
527,0.16406
528,0.17135
529,0.18348
530,0.2023
531,0.22994
532,0.26863
533,0.32032
534,0.38624
535,0.46641
536,0.55919
537,0.66101
538,0.76634
539,0.86808
540,0.95828
541,1.0291
542,1.07398
543,1.08861
544,1.0716
545,1.02476
546,0.95277
547,0.86244
548,0.76174
549,0.65864
550,0.56016
551,0.47171
552,0.39675
553,0.33679
554,0.29173
555,0.26024
556,0.24032
557,0.22968
558,0.22611
559,0.22766
560,0.23272
561,0.24008
562,0.24881
563,0.2582
564,0.26772
565,0.27692
566,0.28543
567,0.29295
568,0.29924
569,0.30417
570,0.30778
571,0.31024
572,0.31194
573,0.31348
574,0.31567
575,0.31946
576,0.32592
577,0.33611
578,0.35093
579,0.37095
580,0.39621
581,0.42609
582,0.45923
583,0.49353
584,0.52634
585,0.55472
586,0.57585
587,0.58742
588,0.588
589,0.57727
590,0.55611
591,0.52644
592,0.4909
593,0.45251
594,0.41418
595,0.37837
596,0.34686
597,0.3206
598,0.2998
599,0.28402
600,0.27245
601,0.26407
602,0.2579
603,0.25316
604,0.24936
605,0.24637
606,0.24444
607,0.24413
608,0.24628
609,0.25194
610,0.2622
611,0.2781
612,0.30044
613,0.32961
614,0.36538
615,0.40679
616,0.45204
617,0.49855
618,0.54311
619,0.58221
620,0.61239
621,0.63073
622,0.63527
623,0.62526
624,0.60134
625,0.5654
626,0.52037
627,0.4698
628,0.41736
629,0.36645
630,0.31985
631,0.27947
632,0.24637
633,0.22076
634,0.20219
635,0.18978
636,0.18237
637,0.17875
638,0.17776
639,0.17839
640,0.17984
641,0.18149
642,0.1829
643,0.18382
644,0.18412
645,0.18375
646,0.18276
647,0.18125
648,0.1794
649,0.17744
650,0.17568
651,0.17456
652,0.17466
653,0.17673
654,0.18167
655,0.1905
656,0.20431
657,0.22408
658,0.25056
659,0.28404
660,0.32422
661,0.37
662,0.4195
663,0.47006
664,0.51847
665,0.56126
666,0.5951
667,0.6172
668,0.6257
669,0.61989
670,0.60032
671,0.5687
672,0.52766
673,0.48039
674,0.43024
675,0.38036
676,0.33336
677,0.29118
678,0.255
679,0.22531
680,0.20203
681,0.18473
682,0.17276
683,0.16546
684,0.16228
685,0.16287
686,0.16712
687,0.17517
688,0.18735
689,0.20413
690,0.22599
691,0.25329
692,0.28614
693,0.32429
694,0.36706
695,0.41331
696,0.46156
697,0.51014
698,0.55744
699,0.60224
700,0.64399
701,0.68306
702,0.7209
703,0.75998
704,0.80364
705,0.85578
706,0.92036
707,1.00095
708,1.10019
709,1.21936
710,1.35804
711,1.51396
712,1.6829
713,1.85886
714,2.03438
715,2.20099
716,2.34986
717,2.47248
718,2.56155
719,2.61171
720,2.62024
721,2.58753
722,2.51722
723,2.41606
724,2.29331
725,2.15992
726,2.02744
727,1.90688
728,1.80762
729,1.73657
730,1.69757
731,1.69127
732,1.71525
733,1.76459
734,1.83267
735,1.91206
736,1.99556
737,2.0769
738,2.15153
739,2.21687
740,2.27233
741,2.31902
742,2.35918
743,2.39545
744,2.43008
745,2.46433
746,2.49791
747,2.52888
748,2.55379
749,2.56806
750,2.56666
751,2.5449
752,2.49906
753,2.4271
754,2.32894
755,2.2066
756,2.06398
757,1.90647
758,1.74034
759,1.57213
760,1.40798
761,1.25317
762,1.11174
763,0.98636
764,0.8783
765,0.78761
766,0.71338
767,0.654
768,0.60746
769,0.57165
770,0.54449
771,0.52415
772,0.50905
773,0.49794
774,0.48985
775,0.48409
776,0.48017
777,0.47775
778,0.47662
779,0.47666
780,0.47776
781,0.47987
782,0.48292
783,0.48685
784,0.49162
785,0.49718
786,0.5035
787,0.51056
788,0.51841
789,0.52712
790,0.53681
791,0.54765
792,0.55979
793,0.57338
794,0.5885
795,0.60509
796,0.62298
797,0.64177
798,0.66088
799,0.67955
800,0.69688
801,0.71192
802,0.72374
803,0.73153
804,0.73473
805,0.73308
806,0.72663
807,0.71582
808,0.70137
809,0.68428
810,0.66573
811,0.64701
812,0.62946
813,0.61445
814,0.60336
815,0.59762
816,0.59875
817,0.60843
818,0.62853
819,0.66111
820,0.70842
821,0.77277
822,0.85639
823,0.96122
824,1.08863
825,1.23918
826,1.41235
827,1.60638
828,1.81812
829,2.04309
830,2.27557
831,2.50891
832,2.73585
833,2.94899
834,3.14122
835,3.30616
836,3.43849
837,3.53428
838,3.5911
839,3.60804
840,3.5857
841,3.52599
842,3.432
843,3.30773
844,3.15789
845,2.98765
846,2.80248
847,2.60791
848,2.40932
849,2.21184
850,2.02008
851,1.83805
852,1.66902
853,1.51539
854,1.37874
855,1.25978
856,1.15842
857,1.07388
858,1.00481
859,0.9495
860,0.90597
861,0.87214
862,0.84599
863,0.82562
864,0.80938
865,0.79587
866,0.78398
867,0.77289
868,0.76207
869,0.75122
870,0.74023
871,0.72918
872,0.71823
873,0.70763
874,0.69767
875,0.68861
876,0.68071
877,0.67415
878,0.66906
879,0.66552
880,0.66351
881,0.66299
882,0.66382
883,0.66587
884,0.66896
885,0.67289
886,0.67748
887,0.68255
888,0.68793
889,0.69345
890,0.69899
891,0.70445
892,0.70974
893,0.71482
894,0.71973
895,0.72454
896,0.72949
897,0.73493
898,0.7414
899,0.7497
900,0.76086
901,0.77622
902,0.79736
903,0.82613
904,0.86454
905,0.91468
906,0.97855
907,1.05789
908,1.15404
909,1.26766
910,1.39868
911,1.54606
912,1.70781
913,1.88092
914,2.06151
915,2.2449
916,2.42587
917,2.59895
918,2.75862
919,2.89964
920,3.01732
921,3.10772
922,3.16786
923,3.19582
924,3.19088
925,3.15344
926,3.08513
927,2.98862
928,2.86757
929,2.72647
930,2.5704
931,2.40485
932,2.23544
933,2.06768
934,1.90675
935,1.75728
936,1.62321
937,1.50767
938,1.41299
939,1.34067
940,1.29151
941,1.26564
942,1.2627
943,1.2819
944,1.32211
945,1.38195
946,1.45978
947,1.55369
948,1.66155
949,1.78088
950,1.90897
951,2.0428
952,2.17912
953,2.31458
954,2.44582
955,2.5696
956,2.68295
957,2.78331
958,2.86862
959,2.93737
960,2.9886
961,3.02189
962,3.03727
963,3.03518
964,3.01631
965,2.98162
966,2.93226
967,2.8695
968,2.79484
969,2.70993
970,2.6166
971,2.51691
972,2.41308
973,2.30742
974,2.20231
975,2.10001
976,2.00259
977,1.91181
978,1.82897
979,1.75488
980,1.68983
981,1.63356
982,1.58535
983,1.54413
984,1.50854
985,1.47712
986,1.44841
987,1.42111
988,1.39414
989,1.36674
990,1.3385
991,1.30938
992,1.27968
993,1.25006
994,1.22145
995,1.19503
996,1.17221
997,1.15456
998,1.1438
999,1.14176
1000,1.15033
1001,1.17143
1002,1.20689
1003,1.25836
1004,1.32718
1005,1.4142
1006,1.51966
1007,1.64292
1008,1.78243
1009,1.93556
1010,2.09858
1011,2.26674
1012,2.43444
1013,2.59543
1014,2.74324
1015,2.87152
1016,2.97448
1017,3.04734
1018,3.08665
1019,3.09057
1020,3.05902
1021,2.99364
1022,2.8977
1023,2.77579
1024,2.63348
1025,2.47694
1026,2.31248
1027,2.14618
1028,1.98354
1029,1.82927
1030,1.68708
1031,1.55971
1032,1.44886
1033,1.35535
1034,1.27922
1035,1.21992
1036,1.17639
1037,1.14729
1038,1.13107
1039,1.12608
1040,1.13064
1041,1.14306
1042,1.16174
1043,1.18516
1044,1.21191
1045,1.24074
1046,1.27054
1047,1.30045
1048,1.32982
1049,1.35822
1050,1.38548
1051,1.41161
1052,1.43677
1053,1.46123
1054,1.48529
1055,1.50917
1056,1.53296
1057,1.55659
1058,1.57971
1059,1.60176
1060,1.62196
1061,1.63934
1062,1.65282
1063,1.6613
1064,1.66377
1065,1.65936
1066,1.64744
1067,1.62767
1068,1.60004
1069,1.56487
1070,1.52278
1071,1.47464
1072,1.42154
1073,1.3647
1074,1.3054
1075,1.24493
1076,1.1845
1077,1.12522
1078,1.06809
1079,1.01394
1080,0.96344
1081,0.91712
1082,0.87537
1083,0.83846
1084,0.80656
1085,0.77974
1086,0.758
1087,0.74129
1088,0.72952
1089,0.72256
1090,0.72025
1091,0.72241
1092,0.72888
1093,0.73951
1094,0.75421
1095,0.77294
1096,0.79577
1097,0.82289
1098,0.85464
1099,0.89156
1100,0.93436
1101,0.98392
1102,1.04133
1103,1.10773
1104,1.18436
1105,1.27236
1106,1.3727
1107,1.48605
1108,1.61259
1109,1.75192
1110,1.90289
1111,2.06356
1112,2.23115
1113,2.40208
1114,2.57203
1115,2.73619
1116,2.88946
1117,3.02674
1118,3.14326
1119,3.23493
1120,3.29863
1121,3.33248
1122,3.33601
1123,3.31026
1124,3.25776
1125,3.18236
1126,3.08908
1127,2.98373
1128,2.87259
1129,2.762
1130,2.65801
1131,2.56599
1132,2.4904
1133,2.43452
1134,2.40038
1135,2.38873
1136,2.3991
1137,2.4299
1138,2.47866
1139,2.54228
1140,2.61719
1141,2.69967
1142,2.78604
1143,2.87282
1144,2.9569
1145,3.03557
1146,3.10662
1147,3.16825
1148,3.21912
1149,3.25821
1150,3.28481
1151,3.29844
1152,3.2988
1153,3.28574
1154,3.25927
1155,3.21954
1156,3.1669
1157,3.10192
1158,3.02538
1159,2.93835
1160,2.84216
1161,2.73838
1162,2.62876
1163,2.51525
1164,2.39982
1165,2.28444
1166,2.171
1167,2.0612
1168,1.95652
1169,1.85813
1170,1.76691
1171,1.68342
1172,1.6079
1173,1.54034
1174,1.48048
1175,1.42791
1176,1.38204
1177,1.34226
1178,1.30787
1179,1.27819
1180,1.25257
1181,1.2304
1182,1.21115
1183,1.1943
1184,1.17946
1185,1.16625
1186,1.15436
1187,1.14353
1188,1.13354
1189,1.1242
1190,1.11535
1191,1.10686
1192,1.09863
1193,1.09056
1194,1.08256
1195,1.0746
1196,1.0666
1197,1.05852
1198,1.05031
1199,1.04194
1200,1.03336
1201,1.02452
1202,1.01536
1203,1.00583
1204,0.99588
1205,0.98545
1206,0.9745
1207,0.96297
1208,0.95086
1209,0.93817
1210,0.92492
1211,0.91119
1212,0.89707
1213,0.88274
1214,0.86842
1215,0.85438
1216,0.84097
1217,0.82862
1218,0.81782
1219,0.80914
1220,0.80325
1221,0.80087
1222,0.80281
1223,0.80991
1224,0.8231
1225,0.84328
1226,0.87136
1227,0.9082
1228,0.95454
1229,1.01099
1230,1.07794
1231,1.15551
1232,1.24349
1233,1.34132
1234,1.448
1235,1.56214
1236,1.68191
1237,1.8051
1238,1.92915
1239,2.05128
1240,2.16854
1241,2.27794
1242,2.37663
1243,2.462
1244,2.5318
1245,2.58428
1246,2.61828
1247,2.63325
1248,2.62934
1249,2.60732
1250,2.56855
1251,2.51491
1252,2.44866
1253,2.37235
1254,2.28863
1255,2.20018
1256,2.1095
1257,2.01891
1258,1.93035
1259,1.84544
1260,1.76535
1261,1.69089
1262,1.62249
1263,1.56025
1264,1.50399
1265,1.45334
1266,1.40782
1267,1.36684
1268,1.32982
1269,1.29621
1270,1.26552
1271,1.23734
1272,1.21138
1273,1.18743
1274,1.16536
1275,1.14511
1276,1.12669
1277,1.11012
1278,1.09547
1279,1.08279
1280,1.07212
1281,1.06351
1282,1.05696
1283,1.05245
1284,1.04997
1285,1.04948
1286,1.05092
1287,1.05422
1288,1.05934
1289,1.06618
1290,1.07467
1291,1.08472
1292,1.09619
1293,1.10896
1294,1.1228
1295,1.1375
1296,1.15272
1297,1.16811
1298,1.18322
1299,1.19753
1300,1.21051
1301,1.22156
1302,1.23008
1303,1.23549
1304,1.23726
1305,1.23494
1306,1.22818
1307,1.21677
1308,1.20066
1309,1.17996
1310,1.15496
1311,1.12611
1312,1.094
1313,1.05934
1314,1.02296
1315,0.98572
1316,0.94852
1317,0.91225
1318,0.87776
1319,0.84581
1320,0.81707
1321,0.79211
1322,0.77136
1323,0.75513
1324,0.74359
1325,0.73679
1326,0.73467
1327,0.73705
1328,0.74366
1329,0.75413
1330,0.76805
1331,0.7849
1332,0.80416
1333,0.82526
1334,0.84762
1335,0.87066
1336,0.89381
1337,0.91655
1338,0.93839
1339,0.95892
1340,0.9778
1341,0.99477
1342,1.00967
1343,1.02242
1344,1.03303
1345,1.04159
1346,1.04823
1347,1.05315
1348,1.05655
1349,1.05865
1350,1.05964
1351,1.05969
1352,1.05891
1353,1.05736
1354,1.05506
1355,1.05196
1356,1.04799
1357,1.04305
1358,1.03704
1359,1.02988
1360,1.02153
1361,1.01202
1362,1.00145
1363,0.99
1364,0.97795
1365,0.96567
1366,0.9536
1367,0.94224
1368,0.93215
1369,0.92388
1370,0.91797
1371,0.91492
1372,0.91514
1373,0.91894
1374,0.92651
1375,0.93788
1376,0.95294
1377,0.97141
1378,0.99283
1379,1.01663
1380,1.04209
1381,1.06837
1382,1.09458
1383,1.1198
1384,1.14307
1385,1.16351
1386,1.18031
1387,1.19276
1388,1.20032
1389,1.20261
1390,1.19944
1391,1.19081
1392,1.17694
1393,1.15822
1394,1.13522
1395,1.10865
1396,1.07935
1397,1.04824
1398,1.01628
1399,0.98448
1400,0.9538
1401,0.92518
1402,0.89948
1403,0.87746
1404,0.85979
1405,0.84701
1406,0.8395
1407,0.83756
1408,0.84129
1409,0.85069
1410,0.8656
1411,0.88576
1412,0.91073
1413,0.94001
1414,0.97296
1415,1.00887
1416,1.04696
1417,1.08639
1418,1.12632
1419,1.16588
1420,1.20426
1421,1.24068
1422,1.27444
1423,1.30495
1424,1.33172
1425,1.35443
1426,1.37285
1427,1.38693
1428,1.39675
1429,1.4025
1430,1.40451
1431,1.40319
1432,1.399
1433,1.39248
1434,1.38414
1435,1.37451
1436,1.36408
1437,1.35327
1438,1.34245
1439,1.33189
1440,1.32178
1441,1.31224
1442,1.30326
1443,1.29482
1444,1.28681
1445,1.27908
1446,1.27148
1447,1.26383
1448,1.25599
1449,1.24784
1450,1.2393
1451,1.23035
1452,1.221
1453,1.21133
1454,1.20143
1455,1.19144
1456,1.18154
1457,1.17185
1458,1.16253
1459,1.1537
1460,1.14544
1461,1.13777
1462,1.13068
1463,1.1241
1464,1.1179
1465,1.11194
1466,1.10602
1467,1.09995
1468,1.09352
1469,1.08654
1470,1.07885
1471,1.07032
1472,1.06088
1473,1.0505
1474,1.03922
1475,1.02712
1476,1.01432
1477,1.001
1478,0.98737
1479,0.97364
1480,0.96004
1481,0.94678
1482,0.93407
1483,0.92208
1484,0.91094
1485,0.90076
1486,0.8916
1487,0.88348
1488,0.87637
1489,0.87023
1490,0.86496
1491,0.86047
1492,0.85661
1493,0.85326
1494,0.85027
1495,0.8475
1496,0.8448
1497,0.84206
1498,0.83915
1499,0.83598
1500,0.83245
1501,0.82849
1502,0.82406
1503,0.81911
1504,0.81362
1505,0.80758
1506,0.80101
1507,0.79394
1508,0.7864
1509,0.77846
1510,0.77017
1511,0.76163
1512,0.75293
1513,0.74418
1514,0.73551
1515,0.72703
1516,0.71889
1517,0.71123
1518,0.70419
1519,0.69792
1520,0.69257
1521,0.68826
1522,0.68512
1523,0.68326
1524,0.68277
1525,0.68372
1526,0.68616
1527,0.69009
1528,0.69551
1529,0.70238
1530,0.71061
1531,0.7201
1532,0.73073
1533,0.74232
1534,0.7547
1535,0.76767
1536,0.78103
1537,0.79455
1538,0.80802
1539,0.82124
1540,0.83402
1541,0.84617
1542,0.85756
1543,0.86805
1544,0.87756
1545,0.88601
1546,0.89338
1547,0.89969
1548,0.90494
1549,0.90921
1550,0.91258
1551,0.91516
1552,0.91706
1553,0.91844
1554,0.91942
1555,0.92017
1556,0.92084
1557,0.9216
1558,0.9226
1559,0.92399
1560,0.92591
1561,0.92849
1562,0.93185
1563,0.93609
1564,0.94127
1565,0.94744
1566,0.95463
1567,0.9628
1568,0.97192
1569,0.98188
1570,0.99256
1571,1.00378
1572,1.01534
1573,1.02699
1574,1.03845
1575,1.04945
1576,1.05966
1577,1.06878
1578,1.0765
1579,1.08253
1580,1.0866
1581,1.0885
1582,1.08801
1583,1.08503
1584,1.07946
1585,1.07129
1586,1.06056
1587,1.04736
1588,1.03188
1589,1.01429
1590,0.99485
1591,0.97385
1592,0.9516
1593,0.92843
1594,0.90466
1595,0.88062
1596,0.85664
1597,0.833
1598,0.80998
1599,0.78781
1600,0.76671
1601,0.74683
1602,0.7283
1603,0.71121
1604,0.69562
1605,0.68153
1606,0.66894
1607,0.6578
1608,0.64806
1609,0.63963
1610,0.63242
1611,0.62635
1612,0.6213
1613,0.6172
1614,0.61394
1615,0.61146
1616,0.6097
1617,0.60859
1618,0.60812
1619,0.60824
1620,0.60896
1621,0.61028
1622,0.61219
1623,0.61471
1624,0.61786
1625,0.62164
1626,0.62605
1627,0.63108
1628,0.63673
1629,0.64294
1630,0.64969
1631,0.65692
1632,0.66454
1633,0.67249
1634,0.68067
1635,0.689
1636,0.69738
1637,0.70573
1638,0.71397
1639,0.72204
1640,0.72989
1641,0.73749
1642,0.74484
1643,0.75196
1644,0.7589
1645,0.76572
1646,0.77252
1647,0.77941
1648,0.78652
1649,0.79399
1650,0.80197
1651,0.81062
1652,0.82007
1653,0.83047
1654,0.84193
1655,0.85455
1656,0.86842
1657,0.88356
1658,0.89999
1659,0.91768
1660,0.93656
1661,0.95653
1662,0.97746
1663,0.99916
1664,1.02142
1665,1.04402
1666,1.06669
1667,1.08916
1668,1.11113
1669,1.1323
1670,1.15241
1671,1.17115
1672,1.18826
1673,1.2035
1674,1.21666
1675,1.22754
1676,1.23602
1677,1.24199
1678,1.24538
1679,1.2462
1680,1.24448
1681,1.24028
1682,1.23374
1683,1.22502
1684,1.21429
1685,1.20178
1686,1.18774
1687,1.17243
1688,1.1561
1689,1.13902
1690,1.12147
1691,1.10369
1692,1.08591
1693,1.06836
1694,1.05122
1695,1.03466
1696,1.0188
1697,1.00374
1698,0.98955
1699,0.97626
1700,0.96388
1701,0.9524
1702,0.94176
1703,0.9319
1704,0.92273
1705,0.91418
1706,0.90612
1707,0.89847
1708,0.89111
1709,0.88395
1710,0.87689
1711,0.86985
1712,0.86276
1713,0.85556
1714,0.84822
1715,0.8407
1716,0.833
1717,0.82512
1718,0.81708
1719,0.80893
1720,0.8007
1721,0.79244
1722,0.78423
1723,0.77614
1724,0.76823
1725,0.76061
1726,0.75333
1727,0.7465
1728,0.74018
1729,0.73445
1730,0.7294
1731,0.7251
1732,0.72161
1733,0.719
1734,0.71733
1735,0.71664
1736,0.71698
1737,0.7184
1738,0.72091
1739,0.72454
1740,0.72929
1741,0.73515
1742,0.74212
1743,0.75015
1744,0.75919
1745,0.76917
1746,0.78001
1747,0.7916
1748,0.80381
1749,0.81649
1750,0.82949
1751,0.84263
1752,0.85571
1753,0.86854
1754,0.88091
1755,0.89262
1756,0.90348
1757,0.91327
1758,0.92183
1759,0.929
1760,0.93465
1761,0.93867
1762,0.94098
1763,0.94156
1764,0.94039
1765,0.9375
1766,0.93297
1767,0.92691
1768,0.91945
1769,0.91075
1770,0.90102
1771,0.89046
1772,0.8793
1773,0.86777
1774,0.85611
1775,0.84456
1776,0.83333
1777,0.82265
1778,0.81269
1779,0.80361
1780,0.79555
1781,0.78862
1782,0.78289
1783,0.77839
1784,0.77512
1785,0.77307
1786,0.77217
1787,0.77233
1788,0.77345
1789,0.7754
1790,0.77802
1791,0.78118
1792,0.7847
1793,0.78841
1794,0.79216
1795,0.79578
1796,0.79913
1797,0.80207
1798,0.80449
1799,0.80627
1800,0.80735
1801,0.80766
1802,0.80716
1803,0.80582
1804,0.80366
1805,0.80069
1806,0.79694
1807,0.79249
1808,0.78739
1809,0.78173
1810,0.7756
1811,0.7691
1812,0.76236
1813,0.75546
1814,0.74855
1815,0.74172
1816,0.73509
1817,0.72879
1818,0.72291
1819,0.71755
1820,0.71282
1821,0.70879
1822,0.70554
1823,0.70314
1824,0.70164
1825,0.70108
1826,0.70148
1827,0.70287
1828,0.70523
1829,0.70856
1830,0.71282
1831,0.71797
1832,0.72395
1833,0.7307
1834,0.73815
1835,0.74618
1836,0.75472
1837,0.76365
1838,0.77287
1839,0.78226
1840,0.79171
1841,0.80112
1842,0.81036
1843,0.81935
1844,0.82798
1845,0.83617
1846,0.84385
1847,0.85095
1848,0.85743
1849,0.86325
1850,0.86838
1851,0.87284
1852,0.87661
1853,0.87972
1854,0.88222
1855,0.88413
1856,0.88553
1857,0.88648
1858,0.88704
1859,0.8873
1860,0.88734
1861,0.88724
1862,0.88708
1863,0.88694
1864,0.88688
1865,0.88697
1866,0.88726
1867,0.8878
1868,0.88862
1869,0.88973
1870,0.89113
1871,0.89283
1872,0.89479
1873,0.89698
1874,0.89936
1875,0.90188
1876,0.90446
1877,0.90706
1878,0.90958
1879,0.91197
1880,0.91414
1881,0.91603
1882,0.91757
1883,0.91871
1884,0.91939
1885,0.91958
1886,0.91924
1887,0.91835
1888,0.9169
1889,0.91492
1890,0.91239
1891,0.90935
1892,0.90585
1893,0.90191
1894,0.8976
1895,0.89296
1896,0.88808
1897,0.883
1898,0.8778
1899,0.87253
1900,0.86727
1901,0.86208
1902,0.85702
1903,0.85212
1904,0.84745
1905,0.84303
1906,0.8389
1907,0.83508
1908,0.83158
1909,0.82841
1910,0.82557
1911,0.82305
1912,0.82085
1913,0.81893
1914,0.81728
1915,0.81587
1916,0.81467
1917,0.81365
1918,0.81278
1919,0.81201
1920,0.81133
1921,0.81069
1922,0.81008
1923,0.80944
1924,0.80878
1925,0.80805
1926,0.80724
1927,0.80633
1928,0.80531
1929,0.80418
1930,0.80292
1931,0.80152
1932,0.8
1933,0.79835
1934,0.79658
1935,0.7947
1936,0.79272
1937,0.79067
1938,0.78854
1939,0.78637
1940,0.78417
1941,0.78196
1942,0.77977
1943,0.77761
1944,0.7755
1945,0.77347
1946,0.77152
1947,0.76968
1948,0.76797
1949,0.76638
1950,0.76493
1951,0.76362
1952,0.76247
1953,0.76147
1954,0.76061
1955,0.7599
1956,0.75933
1957,0.75888
1958,0.75856
1959,0.75835
1960,0.75825
1961,0.75824
1962,0.75831
1963,0.75845
1964,0.75867
1965,0.75894
1966,0.75926
1967,0.75962
1968,0.76003
1969,0.76046
1970,0.76092
1971,0.7614
1972,0.76189
1973,0.76237
1974,0.76286
1975,0.76332
1976,0.76374
1977,0.76411
1978,0.76442
1979,0.76463
1980,0.76474
1981,0.76472
1982,0.76455
1983,0.7642
1984,0.76366
1985,0.7629
1986,0.7619
1987,0.76064
1988,0.75912
1989,0.75732
1990,0.75522
1991,0.75283
1992,0.75015
1993,0.74717
1994,0.74392
1995,0.7404
1996,0.73663
1997,0.73263
1998,0.72843
1999,0.72406
2000,0.71954
2001,0.71491
2002,0.71022
2003,0.70549
2004,0.70077
2005,0.6961
2006,0.69152
2007,0.68706
2008,0.68277
2009,0.67868
2010,0.67483
2011,0.67125
2012,0.66797
2013,0.66501
2014,0.66239
2015,0.66014
2016,0.65827
2017,0.65677
2018,0.65566
2019,0.65493
2020,0.65458
2021,0.65458
2022,0.65491
2023,0.65555
2024,0.65648
2025,0.65764
2026,0.65901
2027,0.66054
2028,0.66218
2029,0.66389
2030,0.66562
2031,0.66731
2032,0.66893
2033,0.67043
2034,0.67177
2035,0.67292
2036,0.67384
2037,0.67452
2038,0.67494
2039,0.67509
2040,0.67498
2041,0.67461
2042,0.67401
2043,0.67321
2044,0.67223
2045,0.67112
2046,0.66993
2047,0.66871
2048,0.66753
2049,0.66643
2050,0.6655
2051,0.66478
2052,0.66434
2053,0.66425
2054,0.66455
2055,0.6653
2056,0.66654
2057,0.66831
2058,0.67065
2059,0.67356
2060,0.67707
2061,0.68118
2062,0.68587
2063,0.69114
2064,0.69695
2065,0.70326
2066,0.71003
2067,0.71721
2068,0.72473
2069,0.73252
2070,0.74051
2071,0.74862
2072,0.75676
2073,0.76486
2074,0.77283
2075,0.78057
2076,0.78803
2077,0.79511
2078,0.80175
2079,0.80788
2080,0.81345
2081,0.8184
2082,0.82271
2083,0.82634
2084,0.82927
2085,0.83151
2086,0.83304
2087,0.8339
2088,0.83409
2089,0.83365
2090,0.83263
2091,0.83106
2092,0.82901
2093,0.82652
2094,0.82366
2095,0.82047
2096,0.81704
2097,0.81341
2098,0.80964
2099,0.80578
2100,0.80189
2101,0.79802
2102,0.79419
2103,0.79046
2104,0.78684
2105,0.78338
2106,0.78008
2107,0.77697
2108,0.77406
2109,0.77136
2110,0.76888
2111,0.76662
2112,0.76459
2113,0.76279
2114,0.76122
2115,0.75987
2116,0.75875
2117,0.75786
2118,0.75718
2119,0.75671
2120,0.75646
2121,0.7564
2122,0.75653
2123,0.75683
2124,0.7573
2125,0.7579
2126,0.75864
2127,0.75947
2128,0.76038
2129,0.76135
2130,0.76234
2131,0.76333
2132,0.7643
2133,0.76521
2134,0.76605
2135,0.76678
2136,0.7674
2137,0.7679
2138,0.76825
2139,0.76847
2140,0.76854
2141,0.76849
2142,0.76832
2143,0.76805
2144,0.7677
2145,0.76731
2146,0.7669
2147,0.76651
2148,0.76616
2149,0.7659
2150,0.76576
2151,0.76575
2152,0.76592
2153,0.76628
2154,0.76685
2155,0.76762
2156,0.76861
2157,0.7698
2158,0.7712
2159,0.77276
2160,0.77447
2161,0.7763
2162,0.77821
2163,0.78015
2164,0.78208
2165,0.78396
2166,0.78574
2167,0.78738
2168,0.78882
2169,0.79004
2170,0.79098
2171,0.79164
2172,0.79196
2173,0.79195
2174,0.79158
2175,0.79085
2176,0.78975
2177,0.7883
2178,0.7865
2179,0.78437
2180,0.78193
2181,0.77921
2182,0.77624
2183,0.77306
2184,0.76968
2185,0.76616
2186,0.76252
2187,0.75881
2188,0.75505
2189,0.75127
2190,0.74752
2191,0.74381
2192,0.74018
2193,0.73664
2194,0.73323
2195,0.72994
2196,0.72681
2197,0.72385
2198,0.72106
2199,0.71846
2200,0.71604
2201,0.71383
2202,0.71181
2203,0.70999
2204,0.70837
2205,0.70696
2206,0.70575
2207,0.70474
2208,0.70394
2209,0.70334
2210,0.70294
2211,0.70275
2212,0.70277
2213,0.70298
2214,0.70341
2215,0.70404
2216,0.70487
2217,0.70591
2218,0.70715
2219,0.7086
2220,0.71024
2221,0.71209
2222,0.71412
2223,0.71635
2224,0.71876
2225,0.72134
2226,0.72409
2227,0.727
2228,0.73006
2229,0.73326
2230,0.73659
2231,0.74005
2232,0.74361
2233,0.74729
2234,0.75105
2235,0.75491
2236,0.75886
2237,0.76288
2238,0.76699
2239,0.77118
2240,0.77545
2241,0.7798
2242,0.78423
2243,0.78876
2244,0.79337
2245,0.79808
2246,0.80289
2247,0.80778
2248,0.81277
2249,0.81785
2250,0.82301
2251,0.82822
2252,0.83349
2253,0.83878
2254,0.84408
2255,0.84934
2256,0.85455
2257,0.85966
2258,0.86464
2259,0.86944
2260,0.87403
2261,0.87837
2262,0.88242
2263,0.88614
2264,0.8895
2265,0.89246
2266,0.89502
2267,0.89714
2268,0.89882
2269,0.90005
2270,0.90084
2271,0.90118
2272,0.9011
2273,0.90062
2274,0.89975
2275,0.89855
2276,0.89704
2277,0.89525
2278,0.89324
2279,0.89104
2280,0.88869
2281,0.88624
2282,0.88373
2283,0.88118
2284,0.87864
2285,0.87613
2286,0.87367
2287,0.87129
2288,0.86899
2289,0.86678
2290,0.86468
2291,0.86265
2292,0.86072
2293,0.85885
2294,0.85703
2295,0.85524
2296,0.85345
2297,0.85164
2298,0.84979
2299,0.84786
2300,0.84582
2301,0.84366
2302,0.84133
2303,0.83882
2304,0.8361
2305,0.83317
2306,0.82999
2307,0.82656
2308,0.82287
2309,0.81892
2310,0.81471
2311,0.81024
2312,0.80553
2313,0.80058
2314,0.79542
2315,0.79007
2316,0.78454
2317,0.77887
2318,0.77309
2319,0.76722
2320,0.76131
2321,0.75538
2322,0.74947
2323,0.74361
2324,0.73785
2325,0.73221
2326,0.72673
2327,0.72143
2328,0.71636
2329,0.71153
2330,0.70698
2331,0.70273
2332,0.6988
2333,0.6952
2334,0.69195
2335,0.68906
2336,0.68655
2337,0.68442
2338,0.68267
2339,0.68129
2340,0.6803
2341,0.67967
2342,0.67941
2343,0.6795
2344,0.67992
2345,0.68066
2346,0.6817
2347,0.68302
2348,0.68459
2349,0.6864
2350,0.68841
2351,0.6906
2352,0.69293
2353,0.69539
2354,0.69794
2355,0.70055
2356,0.70319
2357,0.70583
2358,0.70845
2359,0.71103
2360,0.71353
2361,0.71593
2362,0.71823
2363,0.72038
2364,0.7224
2365,0.72425
2366,0.72593
2367,0.72744
2368,0.72878
2369,0.72994
2370,0.73092
2371,0.73174
2372,0.7324
2373,0.73291
2374,0.73329
2375,0.73355
2376,0.73369
2377,0.73375
2378,0.73373
2379,0.73366
2380,0.73354
2381,0.73339
2382,0.73322
2383,0.73306
2384,0.7329
2385,0.73276
2386,0.73264
2387,0.73255
2388,0.7325
2389,0.73247
2390,0.73247
2391,0.7325
2392,0.73255
2393,0.73262
2394,0.7327
2395,0.73278
2396,0.73284
2397,0.73289
2398,0.73292
2399,0.7329
2400,0.73285
2401,0.73273
2402,0.73256
2403,0.73232
2404,0.732
2405,0.73161
2406,0.73114
2407,0.73059
2408,0.72995
2409,0.72923
2410,0.72843
2411,0.72756
2412,0.72661
2413,0.72559
2414,0.7245
2415,0.72336
2416,0.72215
2417,0.7209
2418,0.71961
2419,0.71827
2420,0.71691
2421,0.71551
2422,0.71409
2423,0.71265
2424,0.71119
2425,0.70971
2426,0.70823
2427,0.70673
2428,0.70522
2429,0.70371
2430,0.70218
2431,0.70065
2432,0.69911
2433,0.69757
2434,0.69601
2435,0.69445
2436,0.69289
2437,0.69131
2438,0.68973
2439,0.68815
2440,0.68656
2441,0.68498
2442,0.68339
2443,0.68181
2444,0.68023
2445,0.67867
2446,0.67712
2447,0.6756
2448,0.67411
2449,0.67265
2450,0.67123
2451,0.66986
2452,0.66856
2453,0.66732
2454,0.66616
2455,0.66508
2456,0.66411
2457,0.66324
2458,0.66249
2459,0.66187
2460,0.66139
2461,0.66105
2462,0.66087
2463,0.66086
2464,0.66102
2465,0.66135
2466,0.66187
2467,0.66257
2468,0.66345
2469,0.66452
2470,0.66577
2471,0.6672
2472,0.6688
2473,0.67056
2474,0.67247
2475,0.67452
2476,0.6767
2477,0.67898
2478,0.68135
2479,0.68378
2480,0.68627
2481,0.68878
2482,0.6913
2483,0.6938
2484,0.69625
2485,0.69864
2486,0.70095
2487,0.70315
2488,0.70522
2489,0.70714
2490,0.7089
2491,0.71047
2492,0.71186
2493,0.71303
2494,0.71399
2495,0.71473
2496,0.71523
2497,0.7155
2498,0.71554
2499,0.71534
2500,0.71491
2501,0.71425
2502,0.71337
2503,0.71228
2504,0.71099
2505,0.7095
2506,0.70783
2507,0.70601
2508,0.70403
2509,0.70191
2510,0.69968
2511,0.69735
2512,0.69494
2513,0.69246
2514,0.68994
2515,0.6874
2516,0.68484
2517,0.6823
2518,0.67979
2519,0.67732
2520,0.67492
2521,0.6726
2522,0.67037
2523,0.66824
2524,0.66624
2525,0.66436
2526,0.66262
2527,0.66102
2528,0.65957
2529,0.65826
2530,0.65712
2531,0.65612
2532,0.65527
2533,0.65456
2534,0.65399
2535,0.65355
2536,0.65322
2537,0.65301
2538,0.6529
2539,0.65287
2540,0.65292
2541,0.65303
2542,0.65319
2543,0.65339
2544,0.65361
2545,0.65384
2546,0.65407
2547,0.65429
2548,0.6545
2549,0.65469
2550,0.65484
2551,0.65496
2552,0.65503
2553,0.65507
2554,0.65507
2555,0.65503
2556,0.65494
2557,0.65483
2558,0.65468
2559,0.65451
2560,0.65432
2561,0.65412
2562,0.65391
2563,0.65371
2564,0.65353
2565,0.65336
2566,0.65322
2567,0.65312
2568,0.65306
2569,0.65306
2570,0.65311
2571,0.65323
2572,0.65342
2573,0.65368
2574,0.65402
2575,0.65443
2576,0.65492
2577,0.65548
2578,0.65612
2579,0.65683
2580,0.65761
2581,0.65844
2582,0.65933
2583,0.66026
2584,0.66123
2585,0.66221
2586,0.66321
2587,0.66421
2588,0.6652
2589,0.66616
2590,0.66709
2591,0.66796
2592,0.66877
2593,0.66951
2594,0.67016
2595,0.6707
2596,0.67115
2597,0.67147
2598,0.67167
2599,0.67173
2600,0.67167
2601,0.67146
2602,0.67111
2603,0.67062
2604,0.66999
2605,0.66922
2606,0.66832
2607,0.66729
2608,0.66614
2609,0.66488
2610,0.66352
2611,0.66206
2612,0.66052
2613,0.6589
2614,0.65722
2615,0.6555
2616,0.65373
2617,0.65193
2618,0.65012
2619,0.64829
2620,0.64647
2621,0.64466
2622,0.64287
2623,0.6411
2624,0.63937
2625,0.63767
2626,0.63603
2627,0.63443
2628,0.63289
2629,0.63141
2630,0.62999
2631,0.62863
2632,0.62735
2633,0.62615
2634,0.62501
2635,0.62396
2636,0.62299
2637,0.62211
2638,0.62132
2639,0.62061
2640,0.62001
2641,0.6195
2642,0.6191
2643,0.6188
2644,0.61861
2645,0.61854
2646,0.61857
2647,0.61872
2648,0.61899
2649,0.61937
2650,0.61987
2651,0.62048
2652,0.62121
2653,0.62204
2654,0.62298
2655,0.62401
2656,0.62514
2657,0.62634
2658,0.62763
2659,0.62897
2660,0.63037
2661,0.63181
2662,0.63328
2663,0.63477
2664,0.63626
2665,0.63774
2666,0.6392
2667,0.64062
2668,0.64199
2669,0.6433
2670,0.64454
2671,0.64569
2672,0.64674
2673,0.64769
2674,0.64852
2675,0.64923
2676,0.64981
2677,0.65026
2678,0.65056
2679,0.65072
2680,0.65074
2681,0.65061
2682,0.65034
2683,0.64992
2684,0.64936
2685,0.64866
2686,0.64783
2687,0.64686
2688,0.64577
2689,0.64456
2690,0.64324
2691,0.64181
2692,0.64028
2693,0.63866
2694,0.63696
2695,0.63519
2696,0.63335
2697,0.63145
2698,0.62951
2699,0.62752
2700,0.62551
2701,0.62347
2702,0.62141
2703,0.61935
2704,0.61729
2705,0.61524
2706,0.6132
2707,0.61118
2708,0.60919
2709,0.60723
2710,0.60531
2711,0.60343
2712,0.60159
2713,0.5998
2714,0.59806
2715,0.59636
2716,0.59472
2717,0.59313
2718,0.5916
2719,0.59011
2720,0.58867
2721,0.58727
2722,0.58592
2723,0.58461
2724,0.58333
2725,0.58209
2726,0.58088
2727,0.57969
2728,0.57853
2729,0.57739
2730,0.57626
2731,0.57515
2732,0.57404
2733,0.57295
2734,0.57186
2735,0.57077
2736,0.56969
2737,0.56861
2738,0.56754
2739,0.56646
2740,0.56539
2741,0.56432
2742,0.56326
2743,0.56221
2744,0.56117
2745,0.56015
2746,0.55914
2747,0.55815
2748,0.55718
2749,0.55624
2750,0.55532
2751,0.55444
2752,0.5536
2753,0.55279
2754,0.55203
2755,0.55131
2756,0.55064
2757,0.55002
2758,0.54944
2759,0.54892
2760,0.54846
2761,0.54805
2762,0.54769
2763,0.54739
2764,0.54715
2765,0.54696
2766,0.54683
2767,0.54675
2768,0.54672
2769,0.54674
2770,0.54682
2771,0.54694
2772,0.54711
2773,0.54733
2774,0.54758
2775,0.54788
2776,0.54822
2777,0.5486
2778,0.54901
2779,0.54945
2780,0.54993
2781,0.55043
2782,0.55097
2783,0.55153
2784,0.55211
2785,0.55272
2786,0.55336
2787,0.55402
2788,0.55469
2789,0.55539
2790,0.55611
2791,0.55685
2792,0.5576
2793,0.55838
2794,0.55917
2795,0.55998
2796,0.5608
2797,0.56163
2798,0.56248
2799,0.56334
2800,0.56421
2801,0.56509
2802,0.56597
2803,0.56686
2804,0.56775
2805,0.56864
2806,0.56952
2807,0.5704
2808,0.57127
2809,0.57213
2810,0.57297
2811,0.5738
2812,0.5746
2813,0.57537
2814,0.57611
2815,0.57682
2816,0.57749
2817,0.57812
2818,0.57871
2819,0.57925
2820,0.57974
2821,0.58018
2822,0.58056
2823,0.58089
2824,0.58115
2825,0.58136
2826,0.58151
2827,0.5816
2828,0.58162
2829,0.58159
2830,0.58149
2831,0.58134
2832,0.58112
2833,0.58085
2834,0.58053
2835,0.58015
2836,0.57972
2837,0.57925
2838,0.57873
2839,0.57816
2840,0.57756
2841,0.57693
2842,0.57626
2843,0.57557
2844,0.57485
2845,0.5741
2846,0.57334
2847,0.57256
2848,0.57176
2849,0.57096
2850,0.57014
2851,0.56932
2852,0.56849
2853,0.56766
2854,0.56683
2855,0.566
2856,0.56517
2857,0.56435
2858,0.56353
2859,0.56271
2860,0.5619
2861,0.5611
2862,0.56031
2863,0.55952
2864,0.55875
2865,0.55798
2866,0.55723
2867,0.55649
2868,0.55576
2869,0.55504
2870,0.55434
2871,0.55365
2872,0.55298
2873,0.55232
2874,0.55168
2875,0.55106
2876,0.55046
2877,0.54988
2878,0.54933
2879,0.54879
2880,0.54828
2881,0.5478
2882,0.54734
2883,0.54691
2884,0.54651
2885,0.54615
2886,0.54581
2887,0.5455
2888,0.54522
2889,0.54498
2890,0.54477
2891,0.5446
2892,0.54446
2893,0.54435
2894,0.54428
2895,0.54424
2896,0.54423
2897,0.54425
2898,0.5443
2899,0.54438
2900,0.54448
2901,0.54461
2902,0.54475
2903,0.54491
2904,0.54509
2905,0.54527
2906,0.54546
2907,0.54565
2908,0.54584
2909,0.54603
2910,0.5462
2911,0.54636
2912,0.5465
2913,0.54662
2914,0.54671
2915,0.54677
2916,0.54679
2917,0.54678
2918,0.54672
2919,0.54662
2920,0.54648
2921,0.54628
2922,0.54604
2923,0.54575
2924,0.5454
2925,0.54501
2926,0.54457
2927,0.54407
2928,0.54353
2929,0.54295
2930,0.54232
2931,0.54166
2932,0.54095
2933,0.54022
2934,0.53945
2935,0.53867
2936,0.53786
2937,0.53703
2938,0.5362
2939,0.53535
2940,0.53451
2941,0.53367
2942,0.53283
2943,0.53201
2944,0.5312
2945,0.53041
2946,0.52964
2947,0.5289
2948,0.52818
2949,0.5275
2950,0.52685
2951,0.52624
2952,0.52567
2953,0.52513
2954,0.52464
2955,0.52419
2956,0.52378
2957,0.52341
2958,0.52309
2959,0.52281
2960,0.52257
2961,0.52237
2962,0.52222
2963,0.52211
2964,0.52204
2965,0.522
2966,0.52201
2967,0.52206
2968,0.52214
2969,0.52226
2970,0.52241
2971,0.5226
2972,0.52283
2973,0.52308
2974,0.52337
2975,0.52369
2976,0.52404
2977,0.52442
2978,0.52482
2979,0.52526
2980,0.52572
2981,0.5262
2982,0.5267
2983,0.52723
2984,0.52778
2985,0.52834
2986,0.52892
2987,0.52951
2988,0.53012
2989,0.53073
2990,0.53135
2991,0.53197
2992,0.5326
2993,0.53322
2994,0.53384
2995,0.53445
2996,0.53505
2997,0.53563
2998,0.5362
2999,0.53675
3000,0.53727
3001,0.53777
3002,0.53824
3003,0.53868
3004,0.53909
3005,0.53946
3006,0.53979
3007,0.54009
3008,0.54034
3009,0.54055
3010,0.54073
3011,0.54086
3012,0.54095
3013,0.54099
3014,0.541
3015,0.54097
3016,0.5409
3017,0.5408
3018,0.54066
3019,0.54048
3020,0.54028
3021,0.54005
3022,0.5398
3023,0.53952
3024,0.53923
3025,0.53892
3026,0.5386
3027,0.53827
3028,0.53793
3029,0.53759
3030,0.53725
3031,0.53692
3032,0.5366
3033,0.53628
3034,0.53599
3035,0.53572
3036,0.53547
3037,0.53525
3038,0.53507
3039,0.53493
3040,0.53484
3041,0.5348
3042,0.53483
3043,0.53493
3044,0.53511
3045,0.53538
3046,0.53577
3047,0.53627
3048,0.5369
3049,0.53769
3050,0.53864
3051,0.53979
3052,0.54114
3053,0.54273
3054,0.54459
3055,0.54673
3056,0.54919
3057,0.55201
3058,0.55521
3059,0.55883
3060,0.56292
3061,0.5675
3062,0.57262
3063,0.57833
3064,0.58466
3065,0.59167
3066,0.59939
3067,0.60788
3068,0.61717
3069,0.62731
3070,0.63834
3071,0.6503
3072,0.66323
3073,0.67717
3074,0.69214
3075,0.70818
3076,0.7253
3077,0.74352
3078,0.76286
3079,0.78331
3080,0.80488
3081,0.82756
3082,0.85131
3083,0.87613
3084,0.90197
3085,0.92879
3086,0.95654
3087,0.98514
3088,1.01454
3089,1.04464
3090,1.07537
3091,1.10662
3092,1.13828
3093,1.17024
3094,1.20238
3095,1.23457
3096,1.26669
3097,1.29859
3098,1.33014
3099,1.3612
3100,1.39161
3101,1.42124
3102,1.44994
3103,1.47758
3104,1.50402
3105,1.52912
3106,1.55276
3107,1.57482
3108,1.59519
3109,1.61376
3110,1.63044
3111,1.64516
3112,1.65783
3113,1.6684
3114,1.67682
3115,1.68306
3116,1.6871
3117,1.68893
3118,1.68856
3119,1.68602
3120,1.68133
3121,1.67454
3122,1.66571
3123,1.65492
3124,1.64223
3125,1.62776
3126,1.6116
3127,1.59385
3128,1.57465
3129,1.5541
3130,1.53236
3131,1.50953
3132,1.48577
3133,1.46121
3134,1.43598
3135,1.41023
3136,1.38409
3137,1.3577
3138,1.33116
3139,1.30463
3140,1.2782
3141,1.252
3142,1.22611
3143,1.20065
3144,1.17569
3145,1.15131
3146,1.12758
3147,1.10457
3148,1.08232
3149,1.06087
3150,1.04026
3151,1.02052
3152,1.00165
3153,0.98368
3154,0.96659
3155,0.95039
3156,0.93507
3157,0.92061
3158,0.90698
3159,0.89417
3160,0.88214
3161,0.87086
3162,0.8603
3163,0.85042
3164,0.84119
3165,0.83256
3166,0.8245
3167,0.81697
3168,0.80993
3169,0.80334
3170,0.79717
3171,0.79139
3172,0.78596
3173,0.78085
3174,0.77603
3175,0.77148
3176,0.76717
3177,0.76307
3178,0.75917
3179,0.75545
3180,0.75189
3181,0.74847
3182,0.74519
3183,0.74202
3184,0.73896
3185,0.736
3186,0.73313
3187,0.73035
3188,0.72764
3189,0.72501
3190,0.72244
3191,0.71994
3192,0.7175
3193,0.71513
3194,0.71281
3195,0.71055
3196,0.70834
3197,0.70619
3198,0.70409
3199,0.70205
3200,0.70006
3201,0.69812
3202,0.69623
3203,0.6944
3204,0.69262
3205,0.69088
3206,0.68921
3207,0.68758
3208,0.68601
3209,0.68448
3210,0.68302
3211,0.6816
3212,0.68024
3213,0.67893
3214,0.67767
3215,0.67647
3216,0.67533
3217,0.67424
3218,0.67321
3219,0.67223
3220,0.67131
3221,0.67045
3222,0.66965
3223,0.6689
3224,0.66821
3225,0.66758
3226,0.66701
3227,0.6665
3228,0.66604
3229,0.66564
3230,0.6653
3231,0.66501
3232,0.66478
3233,0.6646
3234,0.66447
3235,0.66439
3236,0.66435
3237,0.66436
3238,0.66441
3239,0.6645
3240,0.66462
3241,0.66477
3242,0.66495
3243,0.66516
3244,0.66538
3245,0.66562
3246,0.66586
3247,0.66612
3248,0.66637
3249,0.66662
3250,0.66687
3251,0.6671
3252,0.66731
3253,0.66751
3254,0.66767
3255,0.66781
3256,0.66791
3257,0.66798
3258,0.66801
3259,0.66799
3260,0.66793
3261,0.66782
3262,0.66766
3263,0.66745
3264,0.66718
3265,0.66687
3266,0.6665
3267,0.66608
3268,0.66561
3269,0.66509
3270,0.66451
3271,0.66389
3272,0.66323
3273,0.66252
3274,0.66177
3275,0.66098
3276,0.66015
3277,0.6593
3278,0.65842
3279,0.65751
3280,0.65658
3281,0.65563
3282,0.65467
3283,0.65369
3284,0.65271
3285,0.65172
3286,0.65074
3287,0.64975
3288,0.64877
3289,0.6478
3290,0.64683
3291,0.64588
3292,0.64494
3293,0.64401
3294,0.6431
3295,0.64221
3296,0.64134
3297,0.64048
3298,0.63965
3299,0.63884
3300,0.63804
3301,0.63727
3302,0.63651
3303,0.63577
3304,0.63506
3305,0.63435
3306,0.63367
3307,0.633
3308,0.63234
3309,0.6317
3310,0.63107
3311,0.63044
3312,0.62983
3313,0.62922
3314,0.62862
3315,0.62802
3316,0.62743
3317,0.62684
3318,0.62624
3319,0.62565
3320,0.62506
3321,0.62446
3322,0.62386
3323,0.62325
3324,0.62264
3325,0.62202
3326,0.62139
3327,0.62075
3328,0.62011
3329,0.61946
3330,0.6188
3331,0.61813
3332,0.61745
3333,0.61676
3334,0.61606
3335,0.61536
3336,0.61465
3337,0.61392
3338,0.6132
3339,0.61246
3340,0.61172
3341,0.61098
3342,0.61023
3343,0.60947
3344,0.60872
3345,0.60796
3346,0.6072
3347,0.60645
3348,0.60569
3349,0.60494
3350,0.6042
3351,0.60345
3352,0.60272
3353,0.60199
3354,0.60127
3355,0.60056
3356,0.59986
3357,0.59917
3358,0.5985
3359,0.59784
3360,0.59719
3361,0.59656
3362,0.59594
3363,0.59533
3364,0.59475
3365,0.59418
3366,0.59362
3367,0.59309
3368,0.59257
3369,0.59206
3370,0.59158
3371,0.5911
3372,0.59065
3373,0.59021
3374,0.58978
3375,0.58937
3376,0.58897
3377,0.58859
3378,0.58822
3379,0.58785
3380,0.5875
3381,0.58716
3382,0.58682
3383,0.5865
3384,0.58618
3385,0.58586
3386,0.58555
3387,0.58524
3388,0.58494
3389,0.58463
3390,0.58433
3391,0.58403
3392,0.58373
3393,0.58342
3394,0.58312
3395,0.58281
3396,0.58251
3397,0.5822
3398,0.58188
3399,0.58157
3400,0.58125
3401,0.58092
3402,0.5806
3403,0.58027
3404,0.57993
3405,0.57959
3406,0.57925
3407,0.57891
3408,0.57856
3409,0.57821
3410,0.57786
3411,0.5775
3412,0.57714
3413,0.57677
3414,0.5764
3415,0.57603
3416,0.57565
3417,0.57527
3418,0.57489
3419,0.5745
3420,0.57411
3421,0.5737
3422,0.5733
3423,0.57289
3424,0.57247
3425,0.57204
3426,0.57161
3427,0.57117
3428,0.57072
3429,0.57026
3430,0.56979
3431,0.56931
3432,0.56882
3433,0.56833
3434,0.56782
3435,0.5673
3436,0.56677
3437,0.56623
3438,0.56567
3439,0.56511
3440,0.56454
3441,0.56396
3442,0.56336
3443,0.56276
3444,0.56215
3445,0.56153
3446,0.5609
3447,0.56027
3448,0.55963
3449,0.55898
3450,0.55833
3451,0.55768
3452,0.55703
3453,0.55637
3454,0.55571
3455,0.55506
3456,0.55441
3457,0.55376
3458,0.55311
3459,0.55247
3460,0.55183
3461,0.5512
3462,0.55058
3463,0.54997
3464,0.54937
3465,0.54878
3466,0.5482
3467,0.54764
3468,0.54708
3469,0.54654
3470,0.54602
3471,0.54551
3472,0.54501
3473,0.54453
3474,0.54407
3475,0.54363
3476,0.5432
3477,0.54279
3478,0.5424
3479,0.54203
3480,0.54167
3481,0.54134
3482,0.54103
3483,0.54074
3484,0.54047
3485,0.54023
3486,0.54
3487,0.5398
3488,0.53963
3489,0.53948
3490,0.53935
3491,0.53925
3492,0.53918
3493,0.53914
3494,0.53912
3495,0.53913
3496,0.53918
3497,0.53925
3498,0.53936
3499,0.53949
3500,0.53966
3501,0.53986
3502,0.54009
3503,0.54036
3504,0.54066
3505,0.54099
3506,0.54135
3507,0.54175
3508,0.54217
3509,0.54263
3510,0.54312
3511,0.54364
3512,0.54418
3513,0.54476
3514,0.54535
3515,0.54597
3516,0.54662
3517,0.54728
3518,0.54795
3519,0.54865
3520,0.54935
3521,0.55006
3522,0.55078
3523,0.5515
3524,0.55223
3525,0.55295
3526,0.55366
3527,0.55436
3528,0.55505
3529,0.55573
3530,0.55638
3531,0.55701
3532,0.55762
3533,0.55819
3534,0.55874
3535,0.55925
3536,0.55972
3537,0.56015
3538,0.56054
3539,0.56088
3540,0.56118
3541,0.56143
3542,0.56164
3543,0.56179
3544,0.56189
3545,0.56194
3546,0.56194
3547,0.56188
3548,0.56178
3549,0.56163
3550,0.56143
3551,0.56118
3552,0.56088
3553,0.56055
3554,0.56017
3555,0.55975
3556,0.55929
3557,0.5588
3558,0.55828
3559,0.55773
3560,0.55715
3561,0.55655
3562,0.55593
3563,0.5553
3564,0.55466
3565,0.554
3566,0.55335
3567,0.55268
3568,0.55202
3569,0.55136
3570,0.55071
3571,0.55007
3572,0.54943
3573,0.54881
3574,0.54821
3575,0.54762
3576,0.54705
3577,0.54651
3578,0.54598
3579,0.54547
3580,0.54499
3581,0.54453
3582,0.5441
3583,0.54369
3584,0.5433
3585,0.54293
3586,0.54259
3587,0.54226
3588,0.54196
3589,0.54168
3590,0.54141
3591,0.54116
3592,0.54093
3593,0.54071
3594,0.5405
3595,0.5403
3596,0.54011
3597,0.53993
3598,0.53975
3599,0.53958
3600,0.53941
3601,0.53923
3602,0.53906
3603,0.53888
3604,0.5387
3605,0.53851
3606,0.53832
3607,0.53812
3608,0.53791
3609,0.53769
3610,0.53746
3611,0.53721
3612,0.53696
3613,0.53669
3614,0.53642
3615,0.53612
3616,0.53582
3617,0.53551
3618,0.53518
3619,0.53484
3620,0.53449
3621,0.53413
3622,0.53376
3623,0.53338
3624,0.53299
3625,0.5326
3626,0.53219
3627,0.53178
3628,0.53137
3629,0.53095
3630,0.53052
3631,0.5301
3632,0.52967
3633,0.52924
3634,0.52881
3635,0.52838
3636,0.52795
3637,0.52752
3638,0.5271
3639,0.52668
3640,0.52626
3641,0.52585
3642,0.52544
3643,0.52504
3644,0.52464
3645,0.52425
3646,0.52387
3647,0.5235
3648,0.52313
3649,0.52277
3650,0.52242
3651,0.52207
3652,0.52174
3653,0.52141
3654,0.52109
3655,0.52078
3656,0.52048
3657,0.52018
3658,0.51989
3659,0.51962
3660,0.51935
3661,0.51908
3662,0.51883
3663,0.51859
3664,0.51835
3665,0.51812
3666,0.51789
3667,0.51768
3668,0.51747
3669,0.51726
3670,0.51707
3671,0.51688
3672,0.51669
3673,0.51651
3674,0.51634
3675,0.51617
3676,0.516
3677,0.51584
3678,0.51568
3679,0.51552
3680,0.51537
3681,0.51522
3682,0.51507
3683,0.51492
3684,0.51477
3685,0.51462
3686,0.51448
3687,0.51433
3688,0.51418
3689,0.51403
3690,0.51388
3691,0.51372
3692,0.51356
3693,0.5134
3694,0.51324
3695,0.51307
3696,0.5129
3697,0.51273
3698,0.51255
3699,0.51237
3700,0.51218
3701,0.51199
3702,0.5118
3703,0.5116
3704,0.5114
3705,0.51119
3706,0.51097
3707,0.51076
3708,0.51054
3709,0.51031
3710,0.51008
3711,0.50985
3712,0.50961
3713,0.50937
3714,0.50913
3715,0.50888
3716,0.50864
3717,0.50838
3718,0.50813
3719,0.50787
3720,0.50762
3721,0.50735
3722,0.50709
3723,0.50683
3724,0.50656
3725,0.50629
3726,0.50603
3727,0.50576
3728,0.50549
3729,0.50522
3730,0.50494
3731,0.50467
3732,0.5044
3733,0.50412
3734,0.50385
3735,0.50357
3736,0.5033
3737,0.50302
3738,0.50275
3739,0.50247
3740,0.5022
3741,0.50193
3742,0.50165
3743,0.50138
3744,0.50111
3745,0.50084
3746,0.50057
3747,0.5003
3748,0.50003
3749,0.49976
3750,0.4995
3751,0.49924
3752,0.49898
3753,0.49872
3754,0.49847
3755,0.49822
3756,0.49798
3757,0.49773
3758,0.4975
3759,0.49726
3760,0.49704
3761,0.49681
3762,0.4966
3763,0.49639
3764,0.49618
3765,0.49599
3766,0.4958
3767,0.49562
3768,0.49544
3769,0.49528
3770,0.49513
3771,0.49498
3772,0.49485
3773,0.49472
3774,0.49461
3775,0.49451
3776,0.49442
3777,0.49435
3778,0.49428
3779,0.49424
3780,0.4942
3781,0.49419
3782,0.49419
3783,0.4942
3784,0.49423
3785,0.49428
3786,0.49435
3787,0.49444
3788,0.49455
3789,0.49468
3790,0.49483
3791,0.495
3792,0.4952
3793,0.49541
3794,0.49565
3795,0.49592
3796,0.49621
3797,0.49653
3798,0.49687
3799,0.49724
3800,0.49763
3801,0.49805
3802,0.4985
3803,0.49897
3804,0.49948
3805,0.5
3806,0.50056
3807,0.50114
3808,0.50175
3809,0.50238
3810,0.50304
3811,0.50373
3812,0.50443
3813,0.50516
3814,0.50591
3815,0.50669
3816,0.50748
3817,0.50828
3818,0.50911
3819,0.50995
3820,0.5108
3821,0.51166
3822,0.51253
3823,0.51341
3824,0.51429
3825,0.51517
3826,0.51605
3827,0.51693
3828,0.51781
3829,0.51867
3830,0.51953
3831,0.52038
3832,0.52121
3833,0.52202
3834,0.52281
3835,0.52358
3836,0.52433
3837,0.52505
3838,0.52574
3839,0.52639
3840,0.52702
3841,0.52761
3842,0.52817
3843,0.52868
3844,0.52916
3845,0.52959
3846,0.52999
3847,0.53034
3848,0.53065
3849,0.53091
3850,0.53113
3851,0.53131
3852,0.53144
3853,0.53153
3854,0.53157
3855,0.53157
3856,0.53153
3857,0.53144
3858,0.53132
3859,0.53115
3860,0.53095
3861,0.53071
3862,0.53043
3863,0.53012
3864,0.52978
3865,0.52941
3866,0.52901
3867,0.52859
3868,0.52814
3869,0.52767
3870,0.52718
3871,0.52667
3872,0.52615
3873,0.52561
3874,0.52507
3875,0.52451
3876,0.52395
3877,0.52339
3878,0.52282
3879,0.52226
3880,0.52169
3881,0.52113
3882,0.52058
3883,0.52003
3884,0.5195
3885,0.51897
3886,0.51846
3887,0.51797
3888,0.51749
3889,0.51703
3890,0.51659
3891,0.51617
3892,0.51577
3893,0.5154
3894,0.51505
3895,0.51472
3896,0.51442
3897,0.51415
3898,0.51391
3899,0.5137
3900,0.51352
3901,0.51336
3902,0.51324
3903,0.51315
3904,0.5131
3905,0.51307
3906,0.51308
3907,0.51312
3908,0.51319
3909,0.51329
3910,0.51343
3911,0.5136
3912,0.5138
3913,0.51404
3914,0.51431
3915,0.51461
3916,0.51493
3917,0.5153
3918,0.51569
3919,0.5161
3920,0.51655
3921,0.51702
3922,0.51752
3923,0.51805
3924,0.5186
3925,0.51917
3926,0.51976
3927,0.52037
3928,0.521
3929,0.52164
3930,0.5223
3931,0.52298
3932,0.52366
3933,0.52435
3934,0.52505
3935,0.52576
3936,0.52646
3937,0.52717
3938,0.52788
3939,0.52858
3940,0.52928
3941,0.52997
3942,0.53065
3943,0.53132
3944,0.53198
3945,0.53262
3946,0.53324
3947,0.53385
3948,0.53443
3949,0.53499
3950,0.53553
3951,0.53604
3952,0.53653
3953,0.53699
3954,0.53741
3955,0.53781
3956,0.53818
3957,0.53852
3958,0.53883
3959,0.53911
3960,0.53935
3961,0.53956
3962,0.53974
3963,0.53989
3964,0.54001
3965,0.5401
3966,0.54016
3967,0.54019
3968,0.54019
3969,0.54017
3970,0.54012
3971,0.54005
3972,0.53995
3973,0.53984
3974,0.5397
3975,0.53955
3976,0.53939
3977,0.53921
3978,0.53902
3979,0.53882
3980,0.53861
3981,0.5384
3982,0.53818
3983,0.53796
3984,0.53774
3985,0.53753
3986,0.53732
3987,0.53711
3988,0.53691
3989,0.53672
3990,0.53655
3991,0.53638
3992,0.53624
3993,0.5361
3994,0.53599
3995,0.53589
3996,0.53581
3997,0.53575
3998,0.53572
3999,0.53571
4000,0.53572
4001,0.53575
4002,0.53581
4003,0.53589
4004,0.536
4005,0.53614
4006,0.5363
4007,0.53648
4008,0.53669
4009,0.53692
4010,0.53718
4011,0.53746
4012,0.53777
4013,0.53809
4014,0.53844
4015,0.53881
4016,0.5392
4017,0.53961
4018,0.54003
4019,0.54047
4020,0.54093
4021,0.5414
4022,0.54189
4023,0.54238
4024,0.54289
4025,0.54341
4026,0.54393
4027,0.54446
4028,0.545
4029,0.54554
4030,0.54608
4031,0.54662
4032,0.54717
4033,0.54771
4034,0.54825
4035,0.54879
4036,0.54932
4037,0.54985
4038,0.55037
4039,0.55088
4040,0.55139
4041,0.55189
4042,0.55238
4043,0.55286
4044,0.55333
4045,0.55379
4046,0.55423
4047,0.55467
4048,0.5551
4049,0.55551
4050,0.55591
4051,0.5563
4052,0.55667
4053,0.55704
4054,0.55739
4055,0.55772
4056,0.55805
4057,0.55837
4058,0.55867
4059,0.55896
4060,0.55924
4061,0.5595
4062,0.55976
4063,0.56001
4064,0.56024
4065,0.56046
4066,0.56068
4067,0.56088
4068,0.56107
4069,0.56126
4070,0.56143
4071,0.5616
4072,0.56175
4073,0.5619
4074,0.56204
4075,0.56217
4076,0.56229
4077,0.56241
4078,0.56252
4079,0.56262
4080,0.56271
4081,0.5628
4082,0.56288
4083,0.56295
4084,0.56302
4085,0.56308
4086,0.56314
4087,0.56319
4088,0.56323
4089,0.56328
4090,0.56331
4091,0.56334
4092,0.56337
4093,0.5634
4094,0.56342
4095,0.56343
4096,0.56345
4097,0.56346
4098,0.56346
4099,0.56347
4100,0.56347
4101,0.56347
4102,0.56347
4103,0.56347
4104,0.56346
4105,0.56345
4106,0.56344
4107,0.56343
4108,0.56342
4109,0.5634
4110,0.56338
4111,0.56336
4112,0.56334
4113,0.56332
4114,0.56329
4115,0.56326
4116,0.56323
4117,0.56319
4118,0.56316
4119,0.56311
4120,0.56307
4121,0.56301
4122,0.56296
4123,0.5629
4124,0.56283
4125,0.56276
4126,0.56268
4127,0.5626
4128,0.56251
4129,0.56241
4130,0.56231
4131,0.5622
4132,0.56208
4133,0.56195
4134,0.56181
4135,0.56167
4136,0.56152
4137,0.56136
4138,0.56119
4139,0.56101
4140,0.56083
4141,0.56063
4142,0.56043
4143,0.56022
4144,0.56
4145,0.55977
4146,0.55954
4147,0.5593
4148,0.55905
4149,0.55879
4150,0.55852
4151,0.55825
4152,0.55797
4153,0.55769
4154,0.5574
4155,0.55711
4156,0.55681
4157,0.5565
4158,0.55619
4159,0.55588
4160,0.55556
4161,0.55524
4162,0.55492
4163,0.55459
4164,0.55426
4165,0.55393
4166,0.5536
4167,0.55327
4168,0.55294
4169,0.55261
4170,0.55228
4171,0.55195
4172,0.55162
4173,0.5513
4174,0.55097
4175,0.55065
4176,0.55034
4177,0.55002
4178,0.54972
4179,0.54941
4180,0.54912
4181,0.54883
4182,0.54854
4183,0.54827
4184,0.548
4185,0.54774
4186,0.54749
4187,0.54725
4188,0.54703
4189,0.54681
4190,0.54661
4191,0.54641
4192,0.54624
4193,0.54607
4194,0.54592
4195,0.54579
4196,0.54567
4197,0.54557
4198,0.54549
4199,0.54542
4200,0.54538
4201,0.54535
4202,0.54534
4203,0.54535
4204,0.54538
4205,0.54543
4206,0.54549
4207,0.54558
4208,0.54569
4209,0.54582
4210,0.54597
4211,0.54614
4212,0.54633
4213,0.54654
4214,0.54676
4215,0.54701
4216,0.54728
4217,0.54756
4218,0.54786
4219,0.54817
4220,0.5485
4221,0.54885
4222,0.54921
4223,0.54959
4224,0.54997
4225,0.55037
4226,0.55078
4227,0.55119
4228,0.55162
4229,0.55205
4230,0.55249
4231,0.55293
4232,0.55338
4233,0.55383
4234,0.55428
4235,0.55473
4236,0.55518
4237,0.55563
4238,0.55607
4239,0.55651
4240,0.55694
4241,0.55737
4242,0.55779
4243,0.5582
4244,0.55859
4245,0.55898
4246,0.55935
4247,0.55971
4248,0.56006
4249,0.56039
4250,0.5607
4251,0.561
4252,0.56128
4253,0.56154
4254,0.56178
4255,0.562
4256,0.56219
4257,0.56237
4258,0.56253
4259,0.56266
4260,0.56277
4261,0.56285
4262,0.56292
4263,0.56296
4264,0.56297
4265,0.56296
4266,0.56293
4267,0.56287
4268,0.56279
4269,0.56268
4270,0.56256
4271,0.5624
4272,0.56223
4273,0.56203
4274,0.56181
4275,0.56156
4276,0.5613
4277,0.56101
4278,0.56071
4279,0.56038
4280,0.56004
4281,0.55967
4282,0.55929
4283,0.5589
4284,0.55848
4285,0.55806
4286,0.55761
4287,0.55716
4288,0.55669
4289,0.55622
4290,0.55573
4291,0.55523
4292,0.55473
4293,0.55422
4294,0.5537
4295,0.55318
4296,0.55266
4297,0.55213
4298,0.5516
4299,0.55107
4300,0.55054
4301,0.55002
4302,0.54949
4303,0.54897
4304,0.54846
4305,0.54795
4306,0.54745
4307,0.54695
4308,0.54647
4309,0.54599
4310,0.54552
4311,0.54507
4312,0.54462
4313,0.54419
4314,0.54377
4315,0.54337
4316,0.54298
4317,0.5426
4318,0.54224
4319,0.5419
4320,0.54157
4321,0.54126
4322,0.54097
4323,0.54069
4324,0.54043
4325,0.54019
4326,0.53997
4327,0.53976
4328,0.53957
4329,0.53941
4330,0.53925
4331,0.53912
4332,0.539
4333,0.53891
4334,0.53882
4335,0.53876
4336,0.53871
4337,0.53868
4338,0.53866
4339,0.53866
4340,0.53867
4341,0.5387
4342,0.53874
4343,0.53879
4344,0.53886
4345,0.53893
4346,0.53902
4347,0.53911
4348,0.53921
4349,0.53932
4350,0.53944
4351,0.53956
4352,0.53969
4353,0.53982
4354,0.53995
4355,0.54008
4356,0.54022
4357,0.54035
4358,0.54049
4359,0.54062
4360,0.54075
4361,0.54087
4362,0.54099
4363,0.5411
4364,0.54121
4365,0.54131
4366,0.5414
4367,0.54148
4368,0.54155
4369,0.54161
4370,0.54166
4371,0.5417
4372,0.54173
4373,0.54174
4374,0.54175
4375,0.54173
4376,0.54171
4377,0.54167
4378,0.54162
4379,0.54155
4380,0.54147
4381,0.54138
4382,0.54127
4383,0.54115
4384,0.54101
4385,0.54086
4386,0.5407
4387,0.54052
4388,0.54033
4389,0.54013
4390,0.53991
4391,0.53969
4392,0.53945
4393,0.5392
4394,0.53894
4395,0.53867
4396,0.53839
4397,0.5381
4398,0.5378
4399,0.53749
4400,0.53718
4401,0.53686
4402,0.53653
4403,0.53619
4404,0.53585
4405,0.53551
4406,0.53516
4407,0.5348
4408,0.53444
4409,0.53408
4410,0.53371
4411,0.53335
4412,0.53298
4413,0.53261
4414,0.53224
4415,0.53186
4416,0.53149
4417,0.53112
4418,0.53075
4419,0.53037
4420,0.53
4421,0.52963
4422,0.52927
4423,0.5289
4424,0.52854
4425,0.52818
4426,0.52782
4427,0.52747
4428,0.52712
4429,0.52677
4430,0.52642
4431,0.52608
4432,0.52575
4433,0.52541
4434,0.52508
4435,0.52476
4436,0.52444
4437,0.52412
4438,0.52381
4439,0.5235
4440,0.52319
4441,0.52289
4442,0.5226
4443,0.52231
4444,0.52202
4445,0.52174
4446,0.52146
4447,0.52118
4448,0.52091
4449,0.52064
4450,0.52038
4451,0.52012
4452,0.51986
4453,0.51961
4454,0.51936
4455,0.51911
4456,0.51887
4457,0.51863
4458,0.51839
4459,0.51816
4460,0.51793
4461,0.5177
4462,0.51747
4463,0.51725
4464,0.51703
4465,0.51681
4466,0.5166
4467,0.51639
4468,0.51618
4469,0.51597
4470,0.51577
4471,0.51557
4472,0.51537
4473,0.51518
4474,0.51499
4475,0.5148
4476,0.51461
4477,0.51443
4478,0.51424
4479,0.51407
4480,0.51389
4481,0.51372
4482,0.51355
4483,0.51339
4484,0.51323
4485,0.51307
4486,0.51292
4487,0.51277
4488,0.51262
4489,0.51248
4490,0.51234
4491,0.5122
4492,0.51207
4493,0.51195
4494,0.51182
4495,0.51171
4496,0.51159
4497,0.51148
4498,0.51138
4499,0.51128
4500,0.51118
4501,0.51109
4502,0.511
4503,0.51091
4504,0.51083
4505,0.51076
4506,0.51068
4507,0.51062
4508,0.51055
4509,0.51049
4510,0.51044
4511,0.51038
4512,0.51034
4513,0.51029
4514,0.51025
4515,0.51021
4516,0.51018
4517,0.51014
4518,0.51011
4519,0.51009
4520,0.51006
4521,0.51004
4522,0.51002
4523,0.51001
4524,0.50999
4525,0.50998
4526,0.50997
4527,0.50996
4528,0.50995
4529,0.50994
4530,0.50993
4531,0.50992
4532,0.50991
4533,0.50991
4534,0.5099
4535,0.50989
4536,0.50988
4537,0.50987
4538,0.50986
4539,0.50984
4540,0.50983
4541,0.50981
4542,0.50979
4543,0.50977
4544,0.50974
4545,0.50971
4546,0.50968
4547,0.50964
4548,0.5096
4549,0.50955
4550,0.5095
4551,0.50945
4552,0.50939
4553,0.50932
4554,0.50925
4555,0.50917
4556,0.50909
4557,0.509
4558,0.50891
4559,0.50881
4560,0.5087
4561,0.50859
4562,0.50847
4563,0.50834
4564,0.50821
4565,0.50807
4566,0.50792
4567,0.50777
4568,0.50761
4569,0.50744
4570,0.50727
4571,0.50709
4572,0.5069
4573,0.50671
4574,0.50651
4575,0.5063
4576,0.50609
4577,0.50587
4578,0.50564
4579,0.50541
4580,0.50517
4581,0.50493
4582,0.50469
4583,0.50443
4584,0.50418
4585,0.50391
4586,0.50365
4587,0.50338
4588,0.5031
4589,0.50282
4590,0.50254
4591,0.50225
4592,0.50197
4593,0.50167
4594,0.50138
4595,0.50108
4596,0.50079
4597,0.50049
4598,0.50018
4599,0.49988
4600,0.49958
4601,0.49927
4602,0.49897
4603,0.49866
4604,0.49836
4605,0.49806
4606,0.49775
4607,0.49745
4608,0.49715
4609,0.49685
4610,0.49655
4611,0.49626
4612,0.49596
4613,0.49567
4614,0.49539
4615,0.4951
4616,0.49482
4617,0.49455
4618,0.49428
4619,0.49401
4620,0.49375
4621,0.49349
4622,0.49324
4623,0.49299
4624,0.49275
4625,0.49251
4626,0.49229
4627,0.49206
4628,0.49185
4629,0.49164
4630,0.49144
4631,0.49124
4632,0.49105
4633,0.49087
4634,0.4907
4635,0.49053
4636,0.49038
4637,0.49023
4638,0.49008
4639,0.48995
4640,0.48982
4641,0.4897
4642,0.48959
4643,0.48949
4644,0.48939
4645,0.4893
4646,0.48922
4647,0.48915
4648,0.48908
4649,0.48902
4650,0.48897
4651,0.48892
4652,0.48888
4653,0.48884
4654,0.48882
4655,0.48879
4656,0.48877
4657,0.48876
4658,0.48875
4659,0.48874
4660,0.48874
4661,0.48873
4662,0.48874
4663,0.48874
4664,0.48875
4665,0.48875
4666,0.48876
4667,0.48877
4668,0.48878
4669,0.48878
4670,0.48879
4671,0.4888
4672,0.4888
4673,0.4888
4674,0.4888
4675,0.48879
4676,0.48879
4677,0.48877
4678,0.48876
4679,0.48873
4680,0.48871
4681,0.48868
4682,0.48864
4683,0.4886
4684,0.48855
4685,0.48849
4686,0.48843
4687,0.48836
4688,0.48828
4689,0.4882
4690,0.48811
4691,0.48801
4692,0.48791
4693,0.48779
4694,0.48768
4695,0.48755
4696,0.48742
4697,0.48728
4698,0.48713
4699,0.48698
4700,0.48682
4701,0.48666
4702,0.48649
4703,0.48631
4704,0.48613
4705,0.48595
4706,0.48576
4707,0.48556
4708,0.48537
4709,0.48517
4710,0.48497
4711,0.48476
4712,0.48455
4713,0.48435
4714,0.48414
4715,0.48393
4716,0.48372
4717,0.48351
4718,0.48331
4719,0.4831
4720,0.4829
4721,0.4827
4722,0.4825
4723,0.48231
4724,0.48212
4725,0.48194
4726,0.48176
4727,0.48158
4728,0.48142
4729,0.48125
4730,0.4811
4731,0.48095
4732,0.48081
4733,0.48068
4734,0.48055
4735,0.48043
4736,0.48032
4737,0.48022
4738,0.48013
4739,0.48005
4740,0.47997
4741,0.47991
4742,0.47985
4743,0.47981
4744,0.47977
4745,0.47974
4746,0.47973
4747,0.47972
4748,0.47972
4749,0.47973
4750,0.47975
4751,0.47977
4752,0.47981
4753,0.47986
4754,0.47991
4755,0.47997
4756,0.48004
4757,0.48012
4758,0.4802
4759,0.48029
4760,0.48039
4761,0.48049
4762,0.4806
4763,0.48072
4764,0.48084
4765,0.48096
4766,0.48109
4767,0.48123
4768,0.48136
4769,0.4815
4770,0.48165
4771,0.48179
4772,0.48194
4773,0.48209
4774,0.48224
4775,0.48239
4776,0.48254
4777,0.48269
4778,0.48284
4779,0.48299
4780,0.48314
4781,0.48328
4782,0.48342
4783,0.48356
4784,0.4837
4785,0.48383
4786,0.48396
4787,0.48409
4788,0.48421
4789,0.48433
4790,0.48444
4791,0.48454
4792,0.48464
4793,0.48474
4794,0.48483
4795,0.48491
4796,0.48499
4797,0.48506
4798,0.48512
4799,0.48518
4800,0.48523
4801,0.48527
4802,0.48531
4803,0.48534
4804,0.48536
4805,0.48538
4806,0.48539
4807,0.48539
4808,0.48539
4809,0.48538
4810,0.48537
4811,0.48535
4812,0.48532
4813,0.48529
4814,0.48525
4815,0.48521
4816,0.48516
4817,0.4851
4818,0.48505
4819,0.48498
4820,0.48492
4821,0.48485
4822,0.48478
4823,0.4847
4824,0.48462
4825,0.48454
4826,0.48445
4827,0.48437
4828,0.48428
4829,0.48419
4830,0.4841
4831,0.484
4832,0.48391
4833,0.48382
4834,0.48372
4835,0.48363
4836,0.48353
4837,0.48344
4838,0.48334
4839,0.48325
4840,0.48316
4841,0.48307
4842,0.48298
4843,0.48289
4844,0.4828
4845,0.48271
4846,0.48262
4847,0.48254
4848,0.48246
4849,0.48238
4850,0.4823
4851,0.48222
4852,0.48214
4853,0.48206
4854,0.48199
4855,0.48192
4856,0.48184
4857,0.48177
4858,0.4817
4859,0.48164
4860,0.48157
4861,0.4815
4862,0.48144
4863,0.48137
4864,0.48131
4865,0.48124
4866,0.48118
4867,0.48112
4868,0.48106
4869,0.48099
4870,0.48093
4871,0.48087
4872,0.4808
4873,0.48074
4874,0.48068
4875,0.48061
4876,0.48054
4877,0.48048
4878,0.48041
4879,0.48034
4880,0.48028
4881,0.48021
4882,0.48014
4883,0.48006
4884,0.47999
4885,0.47992
4886,0.47984
4887,0.47977
4888,0.47969
4889,0.47961
4890,0.47953
4891,0.47945
4892,0.47936
4893,0.47928
4894,0.47919
4895,0.47911
4896,0.47902
4897,0.47893
4898,0.47883
4899,0.47874
4900,0.47864
4901,0.47854
4902,0.47844
4903,0.47834
4904,0.47824
4905,0.47813
4906,0.47802
4907,0.4779
4908,0.47778
4909,0.47766
4910,0.47753
4911,0.4774
4912,0.47726
4913,0.47712
4914,0.47697
4915,0.47681
4916,0.47665
4917,0.47647
4918,0.47629
4919,0.4761
4920,0.47589
4921,0.47567
4922,0.47544
4923,0.47519
4924,0.47493
4925,0.47465
4926,0.47435
4927,0.47402
4928,0.47368
4929,0.47331
4930,0.47291
4931,0.47249
4932,0.47203
4933,0.47154
4934,0.47102
4935,0.47046
4936,0.46986
4937,0.46922
4938,0.46853
4939,0.4678
4940,0.46701
4941,0.46617
4942,0.46527
4943,0.46432
4944,0.4633
4945,0.46221
4946,0.46106
4947,0.45983
4948,0.45853
4949,0.45715
4950,0.45568
4951,0.45413
4952,0.45249
4953,0.45076
4954,0.44893
4955,0.44701
4956,0.44498
4957,0.44285
4958,0.44061
4959,0.43826
4960,0.4358
4961,0.43322
4962,0.43052
4963,0.4277
4964,0.42476
4965,0.4217
4966,0.41851
4967,0.41519
4968,0.41175
4969,0.40817
4970,0.40447
4971,0.40063
4972,0.39666
4973,0.39257
4974,0.38834
4975,0.38399
4976,0.37951
4977,0.3749
4978,0.37017
4979,0.36531
4980,0.36034
4981,0.35525
4982,0.35005
4983,0.34474
4984,0.33932
4985,0.3338
4986,0.32818
4987,0.32247
4988,0.31667
4989,0.31079
4990,0.30483
4991,0.2988
4992,0.29271
4993,0.28656
4994,0.28035
4995,0.2741
4996,0.26781
4997,0.26149
4998,0.25515
4999,0.24878
5000,0.24241
